,N_index,NI,ANF,ABBV,AHC,KMI,BCO
5-Feb-18,0,-0.018951925415866752,-0.03517826196870758,-0.05039342839314821,-0.010152371464017962,-0.040226933508944185,-0.017188882380511267
2-Feb-18,1,-0.011201112754820722,0.0009741841978434143,-0.010107640801799392,0.0,-0.03149866705937093,-0.015700805624566928
1-Feb-18,2,-0.017989037836073456,-0.009216655104924063,0.03605570815978963,0.010152371464017908,0.00443951894536512,0.0005993407431430052
31-Jan-18,3,0.009362983116306052,-0.02996657046611448,-0.03209394257832373,-0.020202707317519355,-0.013808559647097474,-0.0011983224921086443
30-Jan-18,4,0.00945147779593494,-0.024532588815069253,-0.054003632598122145,0.010050335853501506,-0.025989551595426576,-0.008941937375661282
29-Jan-18,5,-0.011494379425735134,-0.01542680321765954,-0.007331411137305144,-0.01005033585350145,-0.003201710312419152,-0.02288160843717629
26-Jan-18,6,0.0032706488681227067,0.032024694626697436,0.12898506262963197,0.010050335853501506,-0.002660283558816212,-0.0011594204197348191
25-Jan-18,7,0.009876623495912099,-0.015682978261960516,0.026099418852944162,-0.020000666706669428,-0.01686025186757468,0.012828164254112234
24-Jan-18,8,0.0004136504712549072,-0.05389859329931368,0.0012328703728612298,0.009950330853168092,-0.01606668403964705,-0.013407370757417424
23-Jan-18,9,0.009143870858467549,0.02770016630879602,-0.010478219246152635,-0.009950330853168092,-0.009211938223914333,-0.017222010040418557
22-Jan-18,10,0.0004176237270970691,0.11867509637566459,0.01752519631840368,0.0,0.03209385178803181,0.023029227289621694
19-Jan-18,11,-0.0016694494695410462,0.049920320628016934,0.007963582503734478,0.020000666706669435,0.0,0.009362268501613695
18-Jan-18,12,-0.007064230499213424,0.004760654323123961,-0.0052841550633736,0.010152371464017908,-0.029032624907647034,0.017794063800468114
17-Jan-18,13,0.0049813303502039405,0.014419475471958682,0.01808122742505612,0.0,0.009240312153424463,-0.005371543801910877
16-Jan-18,14,-0.0016632020466029744,-0.027064533319231667,0.021200813787364662,-0.030153038170687443,-0.006682111730385964,0.0023837913552761975
12-Jan-18,15,-0.0024896278419597427,0.0010476690324439056,0.010721008454476494,0.020000666706669435,0.016529301951210506,-0.03632502478330909
11-Jan-18,16,0.0,0.04283309999413631,-0.004221960432982189,0.030771658666753687,0.01680711831638119,0.10484920285108387
10-Jan-18,17,-0.023347363996991177,0.04246448051775859,-0.005501939553200196,0.0,-0.0031729270405777203,-0.020867023351966506
9-Jan-18,18,-0.012072581234269249,-0.044104273178173885,0.007510173986544435,-0.020619287202735818,0.0042328105526207626,-0.006860020666163171
8-Jan-18,19,0.00843547882110159,0.0016397926604153686,-0.01615189650203937,0.010256500167189282,-0.004760654323123896,0.006234434158429079
5-Jan-18,20,-0.01202901433123181,0.004385971943254489,0.017258146929133168,0.010362787035546658,-0.003161224971902599,0.0069030710268732495
4-Jan-18,21,-0.004374634139046687,-0.01796944621451881,-0.0057191747722346135,0.0,0.002633659673461988,-0.001887386530705677
3-Jan-18,22,-0.006329135051647512,0.0179694462145189,0.015527636035515078,-0.020619287202735818,0.008474626990972236,-0.003137749671967249
2-Jan-18,23,-0.012149865314023942,0.043228734550820005,0.01742561518202235,0.020619287202735825,0.039603765231766404,0.01388034903240552
29-Dec-17,24,0.004294365373714993,-0.044327032299882684,-0.011105512595312013,0.0,-0.01319425408228214,-0.003171585278293582
28-Dec-17,25,0.01259859183632173,-0.0010970928143730994,-0.003063102252040533,0.0,0.01043105807158585,-0.008827295654406415
27-Dec-17,26,0.0071570882050902285,-0.04239969666187289,0.003472225710749057,-0.020619287202735818,0.0005520287195112959,-0.005633817718255908
26-Dec-17,27,-0.008740619810734478,0.045144688778027305,-0.004694844304207618,0.0,0.003318587116431923,-0.010555826049330759
22-Dec-17,28,0.02483107154245844,-0.005482469872743274,0.0030593538037028485,0.020619287202735825,-0.0011074198252472003,-0.011056623693499683
21-Dec-17,29,-0.012092045765028746,0.02267169265740615,0.005119814583115682,0.0,0.017304367040113136,0.020364788944674958
20-Dec-17,30,-0.01352985223224767,0.006171127578808083,-0.0052219439811517126,0.0,-0.008968669982760375,0.01761051800863537
19-Dec-17,31,-0.026522615508978966,-0.0033707897084889887,-0.002753558417182807,0.0,-0.004454350349380197,-0.005063301956546762
18-Dec-17,32,-0.020195009058480776,0.06487508926774664,0.007564951227628951,0.010471299867295437,0.0038964702791231594,-0.008799553951848811
15-Dec-17,33,0.0011322892321267426,-0.015439736638832482,0.011871107149489964,0.0,0.0050321604651781225,0.009431066445207775
14-Dec-17,34,0.0018900024526096754,-0.039288704133170815,-0.01084441301412874,-0.010471299867295366,-0.0005603810737848736,-0.02001317577574468
13-Dec-17,35,0.0015145781009650954,0.011396134730869582,0.010844413014128876,-0.010362787035546547,0.005617992304223274,0.00995652282280267
12-Dec-17,36,-0.029496258207764952,-0.026019567424184254,-0.0017637603783823552,0.010362787035546658,-0.011761546952628757,-0.006234434158428942
11-Dec-17,37,0.0014727543162744601,-0.005567943115244407,0.005404856728753211,-0.030771658666753774,0.009510561196309822,0.0
8-Dec-17,38,0.004061294118366818,0.012290657510121159,0.01798250255043249,0.030771658666753687,0.024467792445539628,-0.0006213109861254828
7-Dec-17,39,0.0011104942840271153,0.007900718298437965,-0.0016963532481785132,-0.020619287202735818,0.014505621328101986,0.0024875634718017074
6-Dec-17,40,0.0074349784875179905,0.02932087020967189,-0.010642321612299494,-0.010152371464017962,-0.0017518252655316967,0.017588393100887216
5-Dec-17,41,-0.008545472771545267,-0.008713386525565277,0.0019933909973817287,0.010152371464017908,-0.006397230307735025,0.006357300495466498
4-Dec-17,42,-0.011037639651620327,-0.004616280557814536,-0.011485977794138158,-0.010152371464017962,-0.009232610302728967,-0.018325947304659095
1-Dec-17,43,-0.007291319214539435,0.000575871020809439,-0.006209914387814113,0.04124295853404922,0.010392703240259508,-0.012445711362094405
30-Nov-17,44,0.013162895716259558,-0.0193959303475793,0.011414464493349088,-0.020834086902841914,0.027656955485901216,-0.004319661144516507
29-Nov-17,45,-0.0011035498636951468,-0.0016934805063331428,0.004183231367015111,-0.020408871631207238,-0.01598139962065989,-0.010413570368467552
28-Nov-17,46,0.003683245416296368,0.07250398351460915,0.0,0.030771658666753687,0.004118864310839974,0.0006095702718466799
27-Nov-17,47,0.0022164767108919688,-0.014449378427225188,0.007363028952265326,-0.040821994520255166,-0.013470189031000857,0.007958413599206484
24-Nov-17,48,0.0,0.006596725571430418,0.0026428473546525675,0.02020270731751947,0.005249355886143745,-0.0036809857514275074
22-Nov-17,49,-0.006634746048556697,-0.0012026459657603415,-0.0022204608647402985,0.020619287202735825,0.013541566950737178,-0.004886998119625732
21-Nov-17,50,0.004787341126316289,-0.02375408600810703,0.011472401162237,-0.010362787035546547,-0.011199645505656022,0.023428938480537873
20-Nov-17,51,0.0003692080529295806,0.09150288277592651,-0.00010683190010700452,0.020834086902841834,0.002935135655762573,0.01762160134981963
17-Nov-17,52,-0.008823586658515126,0.21433997304745026,-0.009145108397389667,0.0,0.010638398205056018,0.010852324829039688
16-Nov-17,53,0.00293255342127772,-0.007936549595736303,0.007543997952340479,0.0,-0.011813486471882483,0.006439172281021233
15-Nov-17,54,-0.01240439108384414,0.022383028769132896,-0.010503518133833219,0.010582109330537008,-0.02321636485733251,-0.004511770463662061
14-Nov-17,55,0.009471837662566342,0.0016181233304102998,-0.003897408419990762,-0.021053409197832267,-0.0017196908795266994,-0.007687417742686282
13-Nov-17,56,0.004402061400637665,-0.01686109796606644,-0.0032537420466360635,-0.020619287202735818,-0.011955735920148884,-0.0006379585543325175
10-Nov-17,57,-0.011696039763191298,0.030721898758301724,-0.004808706736427302,0.020619287202735825,-0.01349092974101529,-0.003819228066995384
9-Nov-17,58,0.0,0.038498478132884435,0.0018789149577747215,-0.010362787035546547,-0.005012541823544286,0.0012714559881968875
8-Nov-17,59,0.001818512957960438,0.0025630086648895482,0.01845362641710307,-0.040409538337876666,-0.002219756738312888,-0.005076153031860661
7-Nov-17,60,0.009509947312027506,-0.017804624633506707,0.01069986668711092,0.0,-0.0022148403295527874,-0.011328000305207584
6-Nov-17,61,-0.0044004471448215975,0.006745388139531655,0.007016815101540755,0.0,0.018984378082597043,0.032435275753153955
3-Nov-17,62,0.014372828957758684,-0.02175818052871669,0.014073215413564388,-0.025416812984123183,-0.003376480416606174,0.03419136474827934
2-Nov-17,63,0.013453117697118676,0.011657084542212948,-0.015480522817684153,-0.0038535693159900777,-0.01836956746872012,-0.030954068298487885
1-Nov-17,64,0.007932052919903773,-0.11759690257069016,0.023976188193189564,0.06967992063799001,0.0011037528714377502,0.01305501570164365
31-Oct-17,65,0.004561011327562667,-0.015515641880169934,-0.007836252229290283,0.10880285984879917,0.0005523336235418499,-0.01564569072573611
30-Oct-17,66,-0.007212025945852855,-0.04375025429934347,-0.010607568433382859,-0.011428695823622968,0.003874901056554157,-0.028063066066909934
27-Oct-17,67,-0.0011340012555243048,-0.02357945582003468,0.026118626145109236,-0.022472855852058514,0.0016652793190612488,0.01776696481464611
26-Oct-17,68,-0.00264101266505156,0.021476405623256093,-0.02437665510036764,0.0,0.0022246950221111086,-0.037076191336044874
25-Oct-17,69,-0.004886309289861565,0.00985229644301164,0.0008721247691122737,0.0,-0.017113307515861705,-0.0563698378643642
24-Oct-17,70,-0.005608539659609537,0.008522778861982836,-0.03029232694515538,0.0,0.008244069775082062,0.0
23-Oct-17,71,0.005983563102969808,0.018719049101246353,-0.016683666969281988,0.011173300598125255,-0.01642073021232752,-0.014472032608534432
20-Oct-17,72,-0.0037439205094651753,0.026511125548331863,-0.0039464170026286115,-0.01560789766599083,-0.01240911526266359,0.019147669414134073
19-Oct-17,73,0.01240850664382995,0.012012156448003653,0.004570961625822774,-0.006615239118719317,0.0037604127041319995,0.0005859947428161912
18-Oct-17,74,-0.0007564296881105858,0.014454416740159593,0.041130073347479576,-0.03243527575315396,-0.005367699415004144,-0.008172841755874358
17-Oct-17,75,0.0030291579391129894,0.0,0.01233572762755194,0.05465841253786398,-0.006935210512242431,0.01582218767436345
16-Oct-17,76,-0.008684215422458032,-0.0015313938674281365,0.004072428720056087,0.0,0.002661699734860166,-0.01988369601354315
13-Oct-17,77,0.001128456015931205,0.0038328908557073607,-0.00823773124563355,-0.011173300598125189,-0.006376217139275885,-0.0005788712173224567
12-Oct-17,78,0.00037643516348898336,-0.03323568743615867,-0.003385206617965876,-0.013245226750020567,-0.006335818449085895,0.019399930611596946
11-Oct-17,79,0.007938049620861629,-0.009611903946470572,0.006123583924752764,0.013245226750020505,0.0026350476380052534,0.008175885343788488
10-Oct-17,80,0.016839280413352715,-0.0007355645789539784,0.004286898568491809,-0.011049836186584935,-0.004212749779622898,0.0011904763310748023
9-Oct-17,81,0.007360095204600074,-0.059239580043773166,0.003199649665277736,0.02222313678471004,0.0005256241908138728,-0.0005954153197637867
6-Oct-17,82,0.0,0.0,0.003431674370103583,-0.022223136784710124,-0.004197277935340036,0.0017873105740958803
5-Oct-17,83,0.00038887809162041877,0.006954130945699081,0.0031097315153636256,0.0,0.014768200895350738,-0.0029770787096845036
4-Oct-17,84,0.01331264766660768,-0.010413145117489869,0.0022271724128240795,-0.02173998663640599,-0.0015927797367862224,-0.0029682420130749264
3-Oct-17,85,-0.0055031585425294885,-0.016438726343159835,-0.007662872745569137,-0.010695289116747919,-0.013175421158564404,0.0
2-Oct-17,86,-0.0031311180179772993,0.019204979836050046,0.017071544302557175,0.021506205220963682,-0.004179734402707857,0.001186239759506065
29-Sep-17,87,0.003523198007316878,0.0020797234532494843,-0.00112473299450974,-0.01081091610421573,-0.00675502698513084,0.016756825359899204
28-Sep-17,88,0.0031421864030724955,-0.013099118702859952,0.04848108424171246,0.02173998663640604,-0.0010351967798164173,-0.009609683560261213
27-Sep-17,89,-0.025248962184102337,0.01379332213233577,-0.0070547029798899265,-0.02173998663640599,-0.009781287764706945,0.04149466542270786
26-Sep-17,90,0.006156233371391833,0.006968669316093215,-0.014192885987232737,-0.02127739844728485,-0.008671311666087821,0.0056232575543622605
25-Sep-17,91,0.008527183452226425,0.0028011222797117733,-0.010456860580884842,0.06524052186840094,0.021561410224759197,-0.020465830592291116
22-Sep-17,92,-0.016599493286438102,0.020546241717279413,0.0008005032161705997,-0.011173300598125189,-0.002591346358096911,0.011111225425070849
21-Sep-17,93,-0.002676354111390281,0.0028673854771562556,0.0,0.0,-0.02302480839815358,-0.008652711586863558
20-Sep-17,94,-0.00798635163264982,-0.006440093814729661,0.011969299300202225,0.0,0.010678972575854314,0.0049352351867311
19-Sep-17,95,-0.005289018751790991,-0.00427046912345232,0.012231499689044538,0.011173300598125255,0.008729195352110837,0.0055814098381950445
18-Sep-17,96,-0.01681339812585186,-0.011299555253933394,-0.023743080706853516,-0.011173300598125189,0.0015483874061295432,-0.007434978487517978
15-Sep-17,97,0.0025969222533860003,0.01272101960131086,-0.020953255390115364,-0.021978906718775115,0.001033591823282692,0.0055710450494554295
14-Sep-17,98,0.008955283729104209,0.007137789048292307,0.008441718204824155,-0.01081091610421573,-0.0051573090071448105,-0.004335714441462677
13-Sep-17,99,-0.004114462509094431,-0.006426298445528293,0.008171649149319258,0.03278982282299097,0.004123717183862156,-0.0018524241172389476
12-Sep-17,100,-0.016290623129150892,0.029615743364438705,0.008583743691391435,0.0,-0.004123717183862152,0.009296627228969156
11-Sep-17,101,0.004416643175094201,0.008836581800498164,0.019264840894729716,-0.011049836186584935,0.015552413007484785,-0.006825965070399871
8-Sep-17,102,0.004436236480660893,-0.008836581800498112,0.042610562823357595,-0.02173998663640599,0.0,0.003717476400132352
7-Sep-17,103,0.007437743473395869,0.002201835751941493,0.059578153170371635,-0.02127739844728485,-0.009877907195431239,0.02196511275915005
6-Sep-17,104,-0.002981739070882586,0.03590512834866983,0.02363865813713967,-0.03109058707003112,-0.0010341262555514038,-0.005063301956546762
5-Sep-17,105,0.000372231532308461,0.002287458107599062,-0.0022565882012259737,-0.030153038170687443,-0.0005166623726400182,-0.0025220694327099465
1-Sep-17,106,-0.0003722315323083955,0.027865580063088535,0.0015923570243632046,0.009950330853168092,0.0015507886281915374,0.012036889074048552
31-Aug-17,107,-0.0014875421114146081,0.02061928720273561,0.01849670747241901,0.0,0.013541873607911637,0.018006917412916837
30-Aug-17,108,-0.0025978860407954362,-0.004796172263492944,0.00040592653287241934,-0.009950330853168092,0.0026253624950834348,-0.0025923540117301666
29-Aug-17,109,-0.0040688053173938855,-0.005566614772053533,0.007744077829052014,0.020000666706669435,0.0005259006169062768,0.016313575491523787
28-Aug-17,110,-0.0007380074135704359,0.021644131499586352,0.011522761236780268,0.0,-0.00838140055721538,0.009253205480483176
25-Aug-17,111,0.0062904925283562676,0.09247788982681254,0.0051179308060558615,0.04124295853404922,0.006279455484843101,-0.01122494453532309
24-Aug-17,112,-0.0033351893061383505,0.15756390566822814,0.008215600063409522,0.032088314551500664,0.002101945072372136,0.006587639106805805
23-Aug-17,113,0.0033351893061382525,0.04905034369477115,-0.0032107237744718863,-0.01081091610421573,0.01164034307496389,-0.005930824633275025
22-Aug-17,114,0.00595683071919139,-0.015184673538317062,0.014742281737203431,0.0,0.012855024371929672,0.012562148668656547
21-Aug-17,115,-0.0003733432934908641,-0.039055095398679573,0.010521922752125878,-0.052367985517315925,0.0,-0.008612176449342347
18-Aug-17,116,0.0037397201400844434,0.017755035602590136,0.0015735644474305383,0.020619287202735825,0.008119124438504412,-0.0032927260569758678
17-Aug-17,117,-0.010065322627673458,-0.008394592843026367,-0.00812722802393579,0.0,-0.016707475671058396,-0.003937012959339532
16-Aug-17,118,0.011189971293543807,0.02112010921453216,0.0011366866810700663,0.010471299867295437,-0.007454773608021546,0.007889587275162924
15-Aug-17,119,0.0007504690783741788,-0.03564318605290292,-0.0068008196379211,-0.05129329438755058,-0.009503767414038338,0.0
14-Aug-17,120,0.010945570684817036,-0.01024599127403816,0.002686463262926853,0.02020270731751947,-0.0020997383042695023,-0.003952574315823246
11-Aug-17,121,-0.0007587253778240239,0.003062789530545952,0.002693699792825367,-0.020202707317519355,-0.01664104964223277,0.013902905168991434
10-Aug-17,122,-0.00037914692397314964,-0.029221222683745073,-0.022182574592723756,0.0,-0.01839602209257038,-0.021761491781512748
9-Aug-17,123,0.002277040832051929,-0.0167409128808908,0.007666076988841705,0.0,0.0,0.0013054832141305179
8-Aug-17,124,-0.0015186031771900162,0.001955034835803295,0.0035041033822558057,0.010050335853501506,-0.020050797045561078,0.007868893061910864
7-Aug-17,125,-0.0015163005179639638,0.004904374715089898,0.003234655798337183,0.010152371464017908,-0.00247831601446709,0.009923998085987802
4-Aug-17,126,-0.0037807228399060443,0.019861626086721478,0.0,-0.016194685919980606,-0.0014840467724951075,-0.03206031863890193
3-Aug-17,127,-0.006394605201746483,0.004020105916665852,0.00395201643514512,-0.043228734550820075,-0.004930976460601022,-0.008336053402061262
2-Aug-17,128,0.016254374118034803,-0.021913227430715224,0.00467787372271022,-0.019048194970694363,-0.0009832842483488713,0.0012779554454919874
1-Aug-17,129,0.006883392379189245,0.031017994423634274,0.006700431369545245,0.0,-0.0039234969409265765,0.0006395906837797982
31-Jul-17,130,-0.0003836562487113583,0.001016776905086811,-0.007552583104111632,0.009478743954543739,0.001469507979359978,-0.0063775726368012625
28-Jul-17,131,-0.008403410796379391,-0.0020325210249222464,-0.018147786510337792,-0.00947874395454377,-0.0034254988230274824,-0.015142245156734485
27-Jul-17,132,-0.00833338155914441,0.03197796972380231,-0.011918101158406198,0.0,0.006371009052784119,-0.006864301523899368
26-Jul-17,133,0.01865654721657494,-0.003139720004667864,0.0009647854100991251,0.009478743954543739,0.004434597067865775,0.12856860328239358
25-Jul-17,134,-0.0026866260642778627,0.029694652639115908,-0.0189857509101451,0.0,-0.0039428340877070015,-0.014742281737203431
24-Jul-17,135,0.004225087906183543,-0.028649174237562917,-0.009694434346500608,-0.028170876966696335,-0.017552864117196573,0.006993035490970604
21-Jul-17,136,0.006177625823956935,-0.006256537614305037,0.00834235193392083,0.02817087696669644,0.006303051170487502,-0.0028030852271165876
20-Jul-17,137,0.006605813801718043,0.008350779217419889,0.01689643685037999,-0.01886848430438269,0.0442528081859965,0.017649593344110988
19-Jul-17,138,-0.0015582395050137544,0.027631938662085884,0.007448310296239575,0.018868484304382736,0.008680166831266597,0.0028530689824064807
18-Jul-17,139,-0.004660202608730208,0.001078167220345445,-0.006485912476718182,0.0,-0.002560820861673704,0.002145156346388202
17-Jul-17,140,0.0023273866207772294,0.04185633005195041,-0.005623771765750789,-0.028170876966696335,0.0005116398167382638,-0.0021451563463882467
14-Jul-17,141,0.015655897072552844,-0.015625317903080756,0.006587096687147806,-0.009216655104923952,0.01080535339439725,-0.001427551991185335
13-Jul-17,142,-0.008641059265903028,0.015625317903080815,0.01037999770271859,0.009216655104924048,-0.004130103960679494,0.01726661602093133
12-Jul-17,143,0.015766980155870667,-0.038614836127779543,0.0005566379214141182,-0.01834913866819643,0.00983699363877261,0.0234959413689309
11-Jul-17,144,-0.0015879320526039312,-0.037179003241754015,0.00013920790723409769,0.027651531330510164,0.0073107375220059275,0.0014869891215781449
10-Jul-17,145,-0.004353856076146905,-0.23743098764267412,-0.0027804828145614005,-0.018519047767237642,-0.0047058910374128396,0.0037271753919224295
7-Jul-17,146,0.004750602758597799,-0.009005382184799106,0.00417362876292856,0.009216655104924048,0.0020887736053916846,0.009756174945364874
6-Jul-17,147,-0.005934735519814578,-0.04462891990472503,-0.010401591596380875,-0.01834913866819643,-0.009365312988261536,-0.00900906994236608
5-Jul-17,148,0.001184132761216772,0.0054709007109012935,0.0008281573972288588,0.0,-0.010816484544523388,-0.008187615519582041
3-Jul-17,149,-0.0015785322930497267,0.025398190605610403,-0.001241979046006231,0.0,0.01861480844223201,0.006693963262798815
30-Jun-17,150,-0.0011822661475619034,-0.0032102756302483213,0.00041382164877743345,0.009132483563272474,0.006282743179495209,0.002241315843013917
29-Jun-17,151,-0.003930822671436929,0.014528100562909808,-0.006052288075738349,0.009216655104924048,0.0010509722459750015,-0.009676294330532091
28-Jun-17,152,-0.015184251244675727,-0.009708814126960827,0.007294781505412227,0.0,0.00580017444687817,0.018692133012152546
27-Jun-17,153,-0.007698267425752344,0.016234122761883348,-0.004823271253792835,-0.009216655104923952,0.001587721953011576,-0.0015082959118848521
26-Jun-17,154,0.010406723327929747,-0.005711969834494091,0.0013757052658050634,-0.01818231908319036,0.004778347291980681,0.0022632978352538323
23-Jun-17,155,-0.004252857753551605,0.007349971838732488,-0.007406425298022947,0.009049835519917856,0.01123908003968144,-0.0007550019233690413
22-Jun-17,156,-0.0038506016002851457,0.012371291802546829,0.025464979660315357,0.0,0.0037746068002862164,-0.009763502267851241
21-Jun-17,157,-0.008038320794423116,-0.013190628185949307,0.0016835020811137944,0.009132483563272474,-0.0005401026326271074,-0.002985076843453174
20-Jun-17,158,0.002290077336727789,-0.030647559933642387,-0.001683502081113876,0.0,-0.028740669008022718,-0.004460973940625451
19-Jun-17,159,0.004212144845355572,0.004777079148278907,0.004073325387635869,-0.01818231908319036,-0.006797411793552601,0.021748138754937706
16-Jun-17,160,0.0003838034973231008,0.0,0.0063537100439133905,0.01818231908319033,0.02000066670666965,-0.011308073758254418
15-Jun-17,161,0.0050028967153019745,0.0,0.001133786969526895,-0.009132483563272474,-0.00794285351393688,0.01055021089515261
14-Jun-17,162,0.0038654860655776596,-0.0023913921320757674,0.012126548487641888,0.0036429912785010087,-0.014140062773812639,-0.0067950431328288015
13-Jun-17,163,0.005826390535447365,-0.004765696073014345,0.0020114949311010304,0.005489492284771515,0.005213776148527016,0.016692345089023532
12-Jun-17,164,-0.0038880297812245923,-0.007892700798909153,-0.002011494931101105,0.0,0.0026171174320211684,0.008451836712001816
9-Jun-17,165,-0.00232558244347541,0.033576295533604306,0.01314762852737907,0.009216655104924048,0.01691372244206162,-0.01227009259181436
8-Jun-17,166,-0.02334140787573653,0.018876227268931615,0.00014544396796795726,0.018692133012152546,0.004273510777382085,0.0161355786573918
7-Jun-17,167,0.006831146108835329,-0.020500922995933542,0.01288262583101361,-0.009389740349839032,-0.0064034370352070245,0.011686926941907398
6-Jun-17,168,-0.004559278414518354,-0.055262678675049415,0.0053183756618878095,-0.018519047767237642,-0.008474626990972232,-0.019403014607770126
5-Jun-17,169,0.00113787230179706,-0.030259494763112533,0.0038587165718307085,0.0,0.0005275652984403766,-0.0015360986123400062
2-Jun-17,170,0.004183310911483224,-0.024292692569044587,0.008062151760524624,-0.009132483563272474,-0.002108593295759079,0.01702827522811111
1-Jun-17,171,0.006499736130477772,0.041579857383357045,0.010397140296376967,-0.02690745291992438,0.012185581246115735,0.014943258795575794
31-May-17,172,0.009635842526913978,-0.008305068498484957,0.0,0.03603993648319687,0.018289912750917837,-0.007892700798909042
30-May-17,173,0.010120755909162421,0.006033200804167913,-0.0006056935375966874,-0.009132483563272474,-0.04407402990663232,0.014252022707201413
26-May-17,174,0.0011743982559414398,-0.0608915613562146,-0.003928090864395844,0.009132483563272474,-0.008792402129385726,0.008810629682154906
25-May-17,175,0.012216900716619135,0.08617057882865886,0.005897937701830982,-0.01818231908319036,0.002577985444274297,0.002416432911628584
24-May-17,176,0.00317712737467198,0.05501586521188532,0.0013660167563940724,-0.008968669982760375,-0.007714103566041878,0.019544596072970346
23-May-17,177,0.005184458272573604,-0.024292692569044587,0.006093864074322813,0.018018505502678212,0.0005124263499264724,-0.004103411584592342
22-May-17,178,0.012472501255596279,0.003205130948948331,-0.002137079122010602,0.0,-0.0005124263499265229,0.028241079501036652
19-May-17,179,0.008130126083250089,-0.007993647680745475,-0.0007621370691291763,0.009132483563272474,0.0035925109204910976,-0.01089244116642367
18-May-17,180,0.010256500167189061,-0.02671015032757377,0.003969470860992979,0.01851904776723753,-0.0025673955052458097,0.0
17-May-17,181,0.001650846433524989,-0.048420956116502364,-0.022387865923313856,-0.054558984250434484,-0.01526747213078842,-0.025505290408361775
16-May-17,182,-0.012723340118043524,-0.013934952295750876,0.00269622691798344,-0.008810629682154807,-0.00503779402995707,0.011438033196926376
15-May-17,183,0.009012760721507902,-0.00725692589678718,0.009191656667324952,-0.042925044717033886,-0.0005023863456582405,-0.0016420364937444099
12-May-17,184,0.006606134677117269,-0.019334651707455724,0.011571383680258233,0.042925044717033844,-0.009995085708455686,-0.02591238098563949
11-May-17,185,0.0,-0.008474626990972345,-0.010359629518050147,-0.025975486403260563,-0.003970228540185547,-0.004784698123336382
10-May-17,186,0.0016583751727761256,0.11541243004204718,-0.002875522223532711,-0.025317807984289897,0.014467700594299467,0.007987262910211054
9-May-17,187,-0.011551283556516,0.002370605614336222,-0.0006043209127864642,-0.008298802814695066,-0.012484556662245284,0.004017683186612394
8-May-17,188,-0.006133734217272547,0.00953902304675891,-0.011711845583421442,-0.00823049913651548,-0.0019831439320542434,0.014598799421152631
5-May-17,189,0.010243892079100413,0.03992383568536505,-0.003576221960769203,0.0,0.021527740005024342,0.006557400546159261
4-May-17,190,0.011182555958135597,-0.02625253308739867,0.007315103157717479,-0.008163310639161094,-0.025975486403260677,0.004946423935325395
3-May-17,191,-0.009533750967951672,-0.008064559836730408,0.0016495467487821116,0.008163310639161056,-0.008347703765828253,0.005801922616107939
2-May-17,192,0.006207344574333731,0.0376476538712937,0.002253776027252825,0.0,-0.004391322011601365,-0.01074834655143341
1-May-17,193,-0.006619800756712161,0.0,0.00815591290360788,-0.024292692569044587,-0.0043721225827482784,-0.009820046180975461
28-Apr-17,194,-0.004525825458204093,-0.010784011601745452,-0.001969548398209305,0.0242926925690447,0.0004848484943465003,-0.004874095758245407
27-Apr-17,195,0.011145626214916323,0.0024783160144670005,0.015712320802238937,0.0,-0.014444160607908268,0.022951827178202485
26-Apr-17,196,-0.014015068642869076,0.025975486403260736,-0.0009220839749682027,-0.016260520871780405,0.0009564802259570362,0.030305349495328843
25-Apr-17,197,0.00698298175374487,-0.012653057886384073,0.006781776917236583,0.0,0.013002831887604852,0.022472855852058576
24-Apr-17,198,0.0028895788939681134,0.021178258709743804,0.01307615144718952,0.0,0.017604366619251716,0.00966191091173689
21-Apr-17,199,0.002897952762951097,-0.00171086440362943,0.0006269592681858604,0.016260520871780326,-0.02195745692737357,-0.007912129187949285
20-Apr-17,200,-0.0045501629694496394,0.05174323815217176,0.00518746742151479,0.0,-0.012470185576868917,0.0
19-Apr-17,201,0.0008257638784671963,0.0063205628025894585,-0.0031471308430187387,0.0,-0.008543004021947485,-0.008718451039881047
18-Apr-17,202,0.007878954298129624,0.009099243855114089,-0.010315815143356338,-0.032260862218221435,-0.009875462340957673,0.005221943981151846
17-Apr-17,203,0.010041925389201537,0.011029523575499604,0.0028028669860003783,0.01600034134644112,-0.0009354537632580268,0.020273942536241724
13-Apr-17,204,-0.006705808867191317,-0.028247891869118042,-0.003735412903753036,0.008097210232619303,-0.012543718478530285,-0.004442477319561074
12-Apr-17,205,0.0037664827954768648,-0.008944603462898286,0.002956050382813641,0.008163310639161056,0.0023110710540498835,0.017889564750775123
11-Apr-17,206,0.004622828152828302,0.027077466561904677,-0.012233989210728685,-0.008163310639161094,-0.006457587015898566,0.0018066852249490513
10-Apr-17,207,0.0025305791657170337,0.028772286374654392,-0.008735018378229029,0.01639380977567657,0.00877401149389671,0.011823693905741478
7-Apr-17,208,-0.006734032181344068,-0.0009411765400639644,0.007043360919831559,0.04220035449037647,-0.008774011493896809,0.013818736707596063
6-Apr-17,209,0.0025199509345131947,0.0009411765400639063,0.0018455864974145774,0.0,0.01295714564400339,0.011194146743152708
5-Apr-17,210,0.005059032712395206,-0.02877228637465447,-0.0023064513953483267,-0.017094433359300183,-0.007886842087591156,-0.006545137904908674
4-Apr-17,211,-0.0008449514655642472,-0.038587111104558015,0.001229445367710128,-0.008438868645864595,0.002313209451564718,0.010304540828814325
3-Apr-17,212,-0.00463451429906132,-0.04895782281681952,-0.0019970818527838934,-0.033060862260888176,-0.006923637166347283,-0.006569709223161073
31-Mar-17,213,0.008442430895282717,-0.0256530409743553,-0.004593485339189984,0.04149973090675263,0.014362072207577728,0.002810306299255566
30-Mar-17,214,-0.005074006657730475,-0.0032626456348162714,-0.004724538240225193,-0.025105921131076243,0.0009337068838942677,-0.0009376465759636146
29-Mar-17,215,0.0,0.035644055137856255,-0.003187858487175864,-0.02449102000829587,-0.0004669624180113904,0.004697049499869162
28-Mar-17,216,-0.004208760421457238,0.023912326375554842,-0.0018170810572051437,0.00647251450561752,0.018375075304994333,0.01422499093134726
27-Mar-17,217,-0.002516779851967455,0.02272825107755609,0.007288219324684937,0.009788006366162944,-0.005689915777678459,0.020261185139822144
24-Mar-17,218,0.005039909870088562,0.005319161477600027,-0.00045707321584968877,-0.016260520871780405,0.0,-0.009699397088713506
23-Mar-17,219,-0.002523130018121093,0.018843087801479915,0.001982161203991424,0.016260520871780326,0.00807030252413579,-0.01151644206155918
22-Mar-17,220,0.010130943550731525,-0.03471643695777005,0.0025979994745830735,-0.008163310639161094,0.001908397525760169,0.007662872745569097
21-Mar-17,221,0.014960740678294358,-0.02077996849174531,-0.006862398261040641,-0.008097210232619362,-0.01186816683781694,-0.007662872745569137
20-Mar-17,222,-0.011986444880367923,-0.027885203489535663,0.0016731314268900127,-0.016000341346441075,-0.004238292193235894,-0.006657181029179467
17-Mar-17,223,0.005547272599346691,-0.004987541511039162,-0.0031917346040800897,0.01600034134644112,-0.013072081567352662,0.005703437513869711
16-Mar-17,224,-0.014443751526547463,0.020947561089768533,-0.009815103332658948,-0.008032171697264267,-0.004627495532048215,0.005736153395524815
15-Mar-17,225,0.014871742117287822,0.014499187905979122,0.013311344638239287,0.0,0.029041853703335552,-0.027424886629974887
14-Mar-17,226,-0.0059752631900869555,-0.0034305350967891368,-0.0027372279864086267,0.016129381929883498,-0.02209255541012972,0.011257154524634468
13-Mar-17,227,0.007260335116774856,-0.0253606152872223,-0.0004554771201495078,-0.008097210232619362,0.00046500814602166616,0.0028342012358751134
10-Mar-17,228,0.014680747258248337,0.017684671415117915,0.02116968150771264,0.008097210232619303,0.010755305921471276,0.0123752174276536
9-Mar-17,229,-0.001304064518646507,-0.004239090705766822,0.005597029536718034,-0.024097551579060416,-0.0009398496932422736,0.004800777343356729
8-Mar-17,230,-0.02063701785637668,0.008496227829085599,0.007040629881734564,0.03226086221822148,-0.015843761059579253,-0.006714653525640758
7-Mar-17,231,-0.0033984739591115098,-0.023609865639133736,0.0022005667478113577,-0.008163310639161094,-0.005992182022774597,0.0086414363953408
6-Mar-17,232,-0.005919679020299842,-0.019802627296179754,0.003309956524969201,-0.01612938192988353,0.00045966445304894204,-0.014361185068127823
3-Mar-17,233,-0.015478242497255318,-0.084557388028063,0.0014219135028642462,0.0,-0.004587164006906154,-0.01696553415829667
2-Mar-17,234,0.007918357689314974,0.13053288962826606,0.006662461192773987,0.0,0.0036680462951432075,-0.015762959665257644
1-Mar-17,235,-0.00041832253276847566,-0.022833973038508787,0.015882262135689013,-0.007968169649176845,0.021356429135930242,0.016697976096164257
28-Feb-17,236,0.004611200792804335,-0.026404174196510626,-0.006126087190324361,-0.007905179507113261,-0.004214475917279967,0.01603051772739011
27-Feb-17,237,-0.008784829555732915,0.024733330031693018,0.002091546092689518,-0.007843177461026005,0.007504725654067792,0.011472401162236781
24-Feb-17,238,0.010046128861059374,0.03395912054245415,0.0024187708317447948,0.01574835696813933,-0.014025475354504434,0.013552966404703668
23-Feb-17,239,0.02556594292781754,-0.039785187791814905,0.009408017486055862,0.007968169649176881,0.0013937284486036615,-0.0029197101033348618
22-Feb-17,240,0.007798999669194898,-0.028631812674327153,-0.007630526511476609,-0.007968169649176845,-0.02206986128703094,-0.008708327891784308
21-Feb-17,241,0.012694414287733134,0.016260520871780326,0.0009708738626694284,-0.02353049741019416,0.0100549293202138,-0.016244982184332978
17-Feb-17,242,0.0013224599679191949,0.010712916629770752,0.004705891037412714,0.007782140442054949,-0.0009182737100724485,-0.003784299691239618
16-Feb-17,243,0.019599736543332382,-0.03260272458250495,-0.0027613109399582487,0.007843177461026099,-0.02178933231274778,-0.005649732542119021
15-Feb-17,244,-0.000899280636144002,-0.005597775512829491,0.013554547361134756,0.007905179507113247,-0.012051027342353984,-0.0028129413766146126
14-Feb-17,245,-0.012061794659240396,0.01526747213078838,0.0051100416149884665,-0.007905179507113261,-0.0004435573370571529,0.0
13-Feb-17,246,0.00489651545865399,-0.01606460250380679,0.001488464675704186,0.0,0.003109040923197061,0.017950411123842987
10-Feb-17,247,0.008064559836730495,0.025011388493612997,-0.006927291432566214,0.0,0.004458322141711228,0.03590875854888644
9-Feb-17,248,0.002251746053884272,0.03491626510622788,0.00527357847093691,0.0,-0.0013395849290564722,0.012929071198857374
8-Feb-17,249,0.000902120043137929,0.04587563381638163,-0.0006607202090381347,-0.01562531790308087,0.013025111158701492,0.13596535473957394
7-Feb-17,250,-0.0036036075032985443,-0.021901882918382895,-0.0014850262608657148,-0.007722046093910278,-0.017033132556240352,-0.012535776694980273
6-Feb-17,251,-0.000898876465017272,-0.012914514404023612,-0.00032970656414734595,0.0,-0.019366802490850203,0.0011331445971686754
3-Feb-17,252,0.0045024839683157755,0.018998844342697524,-0.0036196156662762105,0.0077220460939103185,0.0127222597721818,0.028754137409011515
2-Feb-17,253,0.00815591290360766,0.00963651784827421,0.0,-0.007722046093910278,0.018717123952937773,-0.008134850206275841
1-Feb-17,254,-0.017587826526562916,-0.021768382416794865,-0.003606561286341419,0.023347363996991107,-0.004936065664949359,-0.029648693922129793
31-Jan-17,255,0.02397762462533408,0.0297224676581151,0.011189848533357064,-0.01562531790308087,0.016245844665579375,0.014714470354002342
30-Jan-17,256,-0.008662009937547573,-0.007954085241320375,0.007141108151366568,0.007782140442054949,-0.018034753908303846,0.0
27-Jan-17,257,-0.008587623397232087,-0.030344764316620757,-0.02094576451546261,0.007843177461026099,-0.001785714760234755,0.009163867106791011
26-Jan-17,258,0.0009004953332501659,-0.026960352376961354,-0.0017937224540268775,-0.007843177461026005,-0.007996488634226378,-0.023878337460793476
25-Jan-17,259,-0.0022497197340154416,0.020151815437307912,0.013119243592498966,-0.023167059281534303,-0.000884564409734218,-0.005602255548669898
24-Jan-17,260,0.002249719734015546,0.011087533626933047,-0.006253105779299617,0.007662872745569097,0.021448543407483693,0.039891329027302025
23-Jan-17,261,-0.013867366040407255,-0.020374219195137423,-0.0031119507547905448,0.0,-0.015684838690733387,-0.0011621151801772627
20-Jan-17,262,0.007580861277586202,0.01268515952731586,-0.0037541870584088233,0.0077220460939103185,0.0008896797739864499,0.0034904049397685676
19-Jan-17,263,-0.008025009630434933,-0.027697951916500922,-0.004551373266414114,0.0,0.0013360055427421298,-0.006968669316093428
18-Jan-17,264,0.007577482211911731,0.002486532570004878,-0.0032383447989192634,0.02353049741019425,-0.004889985294191792,0.01751358249270821
17-Jan-17,265,0.01760370441824803,0.014208346002165096,-0.0020993144569045542,0.0,0.005781648304673475,-0.012873202936206033
13-Jan-17,266,-0.003182544172921872,0.005063301956546855,0.011519556281492193,-0.015748356968139282,0.010311680699511393,0.015231694595499098
12-Jan-17,267,-0.004077015839882332,-0.020101179321087265,0.002287208969647423,-0.007782140442054963,0.011330282097418386,0.00236406729488047
11-Jan-17,268,0.008170721807049844,0.005821222259616553,-0.04680991918824167,0.0,0.017007994446019213,-0.008249899472141949
10-Jan-17,269,-0.005454558978272092,0.011745101458282673,-0.0021827261550267747,0.031498667059371016,-0.0032399935772157457,0.015375820362109433
9-Jan-17,270,-0.013507634461542031,0.0033812373718691362,0.006562523552093078,-0.007968169649176845,-0.007825126235256873,0.00717706430036365
6-Jan-17,271,-0.014209830572652911,-0.030027276790164873,0.0003135779266836093,-0.02353049741019416,0.005517255374754659,0.008438868645864604
5-Jan-17,272,0.014209830572653003,-0.05203254449308816,0.007555521539966338,0.007782140442054949,-0.0013821702269515364,-0.009638628837768858
4-Jan-17,273,0.007631911342395718,0.05697489392752309,0.01400181984126247,0.0,0.005077324546940078,-0.0011983224921086443
3-Jan-17,274,0.0022558096640117255,0.009124907777000453,-0.0033591969523080567,0.007843177461026099,0.04253949511130181,0.012048338516174574
30-Dec-16,275,-0.0045065421018906674,-0.0024968801985871545,-0.001755086210392257,0.007905179507113247,-0.002411382890195174,-0.01204833851617448
29-Dec-16,276,0.013125329861201192,0.00166389389469538,0.007360033224291153,0.007968169649176881,0.0014461318499997134,0.0156913297946756
28-Dec-16,277,-0.012675588454924861,0.000832986303891771,-0.0036867878579951163,0.0,-0.01958505399440336,-0.021661496781179304
27-Dec-16,278,-0.0031439504899678505,0.005012541823544414,0.002563282403164632,-0.03922071315328127,0.0004731488141262171,-0.003565066164496146
23-Dec-16,279,-0.0058126700660438395,-0.007509422022131459,0.010967851881186916,0.0,0.006647697795423771,0.010733555643108633
22-Dec-16,280,0.0044682826800504965,-0.0651617682752277,0.003411586445960281,0.0,-0.008538951314232275,-0.010733555643108551
21-Dec-16,281,0.00538842794573036,-0.022334390052889733,-0.011487870047348048,0.0077220460939103185,0.01907544725875304,0.0035650661644961446
20-Dec-16,282,-0.005388427945730366,0.005345564466419898,-0.000964785410099001,0.015625317903081033,-0.011488876968888175,0.0035778213478839024
19-Dec-16,283,0.013525905037814529,-0.018961508558735237,0.0,-0.023347363996991177,-0.015584731016698203,-0.016588058083898728
16-Dec-16,284,0.0009082652758814336,-0.004497758706831407,0.003219577797187903,-0.0228146777661714,0.015108880424802216,-0.001174398255941669
15-Dec-16,285,0.016029653965525702,-0.03527184151949574,0.0056593246689013565,0.0,0.009560302261982116,0.010619568827460351
14-Dec-16,286,-0.02011036695086262,-0.041716900831332664,-0.005175492710426549,0.0,-0.024669182686784467,-0.005913677790047628
13-Dec-16,287,0.010004630969926747,-0.019884097009858787,-0.0008062565945100526,0.06684694791667478,0.002815581400163721,0.020250840936454875
12-Dec-16,288,0.004580860048966053,-0.06949059779301178,0.008091968414442251,0.01948113557182249,0.008968669982760536,0.01944168161458537
9-Dec-16,289,0.003219133614613988,-0.02810050646598109,0.01045419517804446,-0.008163310639161094,-0.005202187187283512,-0.013406660280115272
8-Dec-16,290,0.006469523489135496,0.0300022503037987,0.015055293050849456,0.0,-0.004236297227421304,0.01709443335930004
7-Dec-16,291,0.004646848510375428,0.03158496519919205,-0.026808611503520034,0.008163310639161056,0.008017020067327385,0.016139394395403236
6-Dec-16,292,-0.007886842087591156,0.025200272534623314,0.012410348699696877,-0.024292692569044587,-0.015970278364491674,0.022785795926588772
5-Dec-16,293,-0.0023078708605022294,0.04744788208870261,0.023776995090255652,0.016129381929883498,0.0046707231105582794,0.003848625661294235
2-Dec-16,294,-0.0009216590514174637,-0.004216450378934915,0.004553511535970248,0.0,-0.006067696562424988,0.001286173810744085
1-Dec-16,295,-0.010538470956883676,-0.007684285104783656,-0.02734415112952233,0.0,-0.032504578223814674,-0.03912170815344786
30-Nov-16,296,-0.019409320654954022,-0.048889572688824025,-0.012909730726830621,0.0,0.03670136685042796,-0.007398307481445036
29-Nov-16,297,0.007178137595702214,0.020757357259701886,0.03519570212900026,-0.008097210232619362,-0.0014008874576798506,-0.03619212859341679
28-Nov-16,298,0.003156710625845291,-0.030648634738444522,-0.017504823064278405,0.0,-0.017576770728052048,-0.06646202546666645
25-Nov-16,299,0.02284247330221001,-0.009794397592287698,0.005468569432330827,0.0,0.00045861041849434966,0.019026875054694206
23-Nov-16,300,-0.008741716583571686,-0.0064767065779894216,0.020989772352077243,0.008097210232619303,-0.004119941739728213,0.022858138076050184
22-Nov-16,301,-0.0027447409729190967,0.04827383525645084,-0.02496987710870394,0.01639380977567657,-0.0063752492794801816,0.011628037995119214
21-Nov-16,302,0.008256927644570975,0.010899290458035638,-0.0016537129616292204,0.0,0.016476345265983964,0.005865119452398058
18-Nov-16,303,0.004616813371405964,-0.14806566743075322,-0.019310041991187,-0.016393809775676497,0.013472909951368723,-0.008201569113417633
17-Nov-16,304,-0.006457587015898566,0.038535773531090306,0.002596561017446433,0.0,0.004218426691511145,0.021227212130573596
16-Nov-16,305,-0.00732939607268207,0.018587895768090765,-0.021381732501073905,-0.008097210232619362,-0.02504769165646438,0.005977304108459382
15-Nov-16,306,0.01610340756657889,-0.04284621082788095,-0.0015893201056816117,0.0,0.04019232564802398,0.001199760191904095
14-Nov-16,307,0.006981643439204882,0.024872377099349523,-0.0020623470465162366,0.03278982282299097,0.01537752550678689,-0.010746372075484073
11-Nov-16,308,-0.0055892087746802765,0.036913793829453125,-0.01416231381250436,-0.008298802814695066,-0.041731991969230074,-0.010632114331047328
10-Nov-16,309,-0.03334403447112719,0.041645575550056456,0.02147903167712423,-0.00823049913651548,0.009801712078627981,0.018980403722518496
9-Nov-16,310,-0.014273212874116993,0.028987536873252406,0.06309214321068304,0.03333642026759171,0.04362062247589035,0.035347982344227355
8-Nov-16,311,0.012029550277074695,-0.011560822401075971,-0.0016989470617313116,-0.04959694113937206,0.01182862485563285,0.007472014838700836
7-Nov-16,312,0.017635546364626154,0.017735799140516824,0.04994513406478963,-0.0317486983145803,0.014985295402394995,0.015113637810048106
4-Nov-16,313,-0.00998646520067594,0.002756721249600506,0.002680248187199486,0.01574835696813933,-0.00301507766097781,0.01277156567948754
3-Nov-16,314,0.002260909848465076,-0.006191970247921107,-0.015974780607734385,-0.007905179507113261,0.011100013060074404,0.007741974153615459
2-Nov-16,315,-0.011253776209028824,0.006882339622941738,0.006004963293670156,0.056695343676545294,-0.02455648324253015,-0.009026495845972078
1-Nov-16,316,-0.04035635344946379,-0.008937838805037698,0.011939908396328124,-0.056695343676545176,-0.011321804422371665,-0.015286921896905425
31-Oct-16,317,0.031887392646365254,-0.016966813527004996,-0.032107185502502716,-0.038614836127779543,0.0,-0.0022730152481244066
28-Oct-16,318,0.0022217294186628596,-0.014696323290197006,-0.06486398900049305,0.030771658666753472,-0.026088436084297853,-0.024914093808439168
27-Oct-16,319,-0.010179331091976758,-0.02099814683977347,0.007184877413814917,-0.04580953603129422,-0.024494865740590458,0.03505616857306408
26-Oct-16,320,-0.004831988316462437,0.007168489478612717,-0.00864817334193886,-0.014815085785140587,0.007942111356775137,0.04829334570814006
25-Oct-16,321,0.01278958998977637,-0.014930494814101818,0.007010707772197446,-0.014598799421152749,-0.013973212913418517,0.008595271826381526
24-Oct-16,322,-0.0035445318457252915,-0.014710850516569392,0.0022932032981563,-0.00722024797348702,0.023871950350833098,0.006223805775534697
21-Oct-16,323,-0.007929556967714406,0.0006351222823848089,-0.012709964156412054,-0.007168489478612516,-0.003782510419978507,0.0057166345963831945
20-Oct-16,324,-0.00219154153021658,0.018596239645502808,0.005357590540684595,-0.014184634991956413,0.02291269687271492,-0.0054451536662507615
19-Oct-16,325,-0.009586130053103416,0.0038910554929665006,-0.0019515374546264313,-0.0070175726586466465,0.025924660482029946,-0.004334875387388808
18-Oct-16,326,0.006526018375508704,-0.013552966404703456,0.023174675070079497,0.021202207650603124,-0.0004954173992833394,0.003249393598309611
17-Oct-16,327,0.010090017605852845,-0.008298802814695179,-0.0004987116718774097,-0.015592094759836275,-0.008384759357575818,-0.004600197531925586
14-Oct-16,328,-0.00965343170064262,-0.013261956291882492,-0.01615597290092094,-0.019499225051433894,-0.00928874925992163,-0.00565353504758992
13-Oct-16,329,0.009212611768443476,-0.01184921877504851,-0.0009807127297971623,-0.0013783599701212709,-0.009685305734463655,-0.012008149628396607
12-Oct-16,330,0.013756595907971377,0.011222062906263798,-0.01909443125971651,-0.0013764627087232365,-0.0033678165101155427,0.008791850956572662
11-Oct-16,331,-0.023405793581625003,-0.014934938458690298,-0.01463828843334022,0.013850636933898933,-0.028411001832779895,-0.000535045491629958
10-Oct-16,332,0.013181210175525733,0.004333030611061542,0.006020297017192991,-0.016597891409037828,-0.012065111551842643,0.01102606303004356
7-Oct-16,333,-0.010121098497930954,0.009348774851561228,0.001590331123986638,-0.0054719698779933795,-0.0187348408605803,-0.029311983964185783
6-Oct-16,334,-0.00043773255240427605,-0.01922539834747315,-0.008873453881219425,0.004101167744214607,-0.013042685451753301,0.02445629597752693
5-Oct-16,335,-0.005673155080395927,0.02298951822469878,0.006171393904542445,-0.004101167744214678,0.005376357036380275,0.011366834158658055
4-Oct-16,336,-0.02746953834860667,0.012014055348634969,-0.003644145678989142,-0.005442190302685087,-0.03313755819987579,-0.018873571822411637
3-Oct-16,337,-0.02053288142386335,-0.010756193547564146,0.0025336513949619516,0.002717392976499886,-0.005201572196073173,0.00966191091173689
30-Sep-16,338,-0.00413907875688754,0.022272635609123223,0.00397172656505927,0.005457039463058117,0.016125866985217445,0.022086787402843287
29-Sep-16,339,-0.018011129538731935,-0.022901764286684567,-0.022041194550867404,-0.03230428949924621,0.0008791209357403145,-0.009330473837333694
28-Sep-16,340,-0.001621402868389109,-0.02115822550734594,-0.005435217977007623,-0.007915608612661199,0.04084031776053737,0.010433922225159008
27-Sep-16,341,-0.01646954278065012,0.006176671891728916,0.007773670987445437,0.02663273256559898,0.0022930530570378976,-0.0005518763936980268
26-Sep-16,342,-0.0003983270317553463,-0.035304944814752694,-0.01410329459002425,-0.050010420574661305,-0.007319337342269808,-0.017772169745797647
23-Sep-16,343,-0.006351748230609249,-0.007151401157625128,-0.0015377521098826855,0.1227697748570897,-0.007718540022270705,-0.02594769086722188
22-Sep-16,344,-0.004343540886138696,0.004761913760243564,0.01517291842421284,-0.012977831748713989,-0.0013559324111359554,0.02703228967202622
21-Sep-16,345,0.031215019347924294,-0.005355561744433689,0.012875040467225794,-0.0014316394714377388,0.011812949726710388,0.020557116952310866
20-Sep-16,346,0.006934557668668006,-0.028088446929143775,0.005864189877460199,0.03642063132150323,-0.0009136592686747133,0.0
19-Sep-16,347,0.012770513410664267,-0.005179867696842203,-0.005706149576854783,0.02099027589183583,0.01983002493176554,0.032937530583455825
16-Sep-16,348,0.01967825692104281,-0.011415649083676656,-0.001263623608355098,0.048108578320030695,-0.004183134150106734,0.0005725737345088265
15-Sep-16,349,0.00977275676837055,0.011415649083676711,0.0001578656566543578,0.004780885600342116,0.0004639294910396024,0.018789395084883902
14-Sep-16,350,0.008145811387253498,-0.0011474470564767983,0.0,0.008019289166619797,-0.014282666198635621,-0.004657941463914838
13-Sep-16,351,-0.020030501358767685,-0.0085641402686332,-0.011615261649610017,-0.027007201411311087,-0.024402476112601577,-0.011263656989610564
12-Sep-16,352,0.014021899590318765,0.019518415272098116,0.011299555253933247,0.0,0.012578782206859965,-0.004012616447291798
9-Sep-16,353,-0.04272006367706232,-0.00057954217791322,-0.010987396674841754,0.012618463959211464,-0.02544212213761629,-0.02458098052952771
8-Sep-16,354,0.0004100881747034629,-0.0011580777206275977,-0.014105480711427488,0.007968169649176881,-0.0004406256956065683,0.0011170065389280593
7-Sep-16,355,-0.0016393446294332796,0.019872074152001224,0.0055564273223655414,0.008032171697264253,0.013303965626362886,-0.015250538190090777
6-Sep-16,356,0.011946589045618397,-0.004711433921319669,0.007612869828721715,0.008097210232619303,0.02166149678117925,-0.00794851382269785
2-Sep-16,357,0.01251058852628969,-0.017472779989061056,0.0014046042106413488,-0.004866189651172788,0.014243291561020362,0.0013659338280034617
1-Sep-16,358,-0.004605409019176418,-0.02396007374714419,-0.0010926403959134706,-0.011263192278710827,-0.011044751022804606,0.0021893823742738534
31-Aug-16,359,0.00334728346005719,-0.030532485521340913,-0.000935599631634683,0.04249005162095219,-0.002742232065775905,-0.01845872170485215
30-Aug-16,360,-0.016213200713722228,-0.22696347410377984,-0.005440286985891382,-0.018197359051907468,0.006410278360919019,-0.00214938288014445
29-Aug-16,361,0.0024772927615561912,0.014483465818579752,-0.0015489470259236898,0.02154184377475476,0.013876263355766421,0.005921955395463771
26-Aug-16,362,-0.02045897873515229,-0.00044198895747148733,-0.0017010751801621936,-0.010000083334583422,-0.0018613313889491003,-0.016068904939200327
25-Aug-16,363,-0.0028311444593072184,0.014689781179372778,-0.005239648294969171,-0.011541760440171345,-0.013850636933898824,0.004793617701236505
24-Aug-16,364,0.002426204182464019,-0.018658915386877417,-0.01691726697876273,0.02154184377475476,-0.012756437218488133,0.002673083655300714
23-Aug-16,365,-0.0048465361425296585,0.02405461193072954,-0.012614673961111326,0.018597323815589418,0.007725555352211032,0.012118096318734771
22-Aug-16,366,0.00809065902015361,-0.016544084026466444,-0.0013421819925566092,-0.01187460942071274,-0.016289952979268458,-0.0037858347001886597
19-Aug-16,367,-0.014916624090553493,0.006227778135851728,0.004930166107858586,0.013582551765868912,-0.01911594105838386,0.0010802053440311596
18-Aug-16,368,0.010863112257370931,0.022564134205460454,-0.000898203653201351,-0.003412972596240069,0.04319159858277396,-0.00027016074728699045
17-Aug-16,369,0.016313575491523787,-0.00863445491633206,0.001347608199750795,0.0,-0.001378359970121382,-0.005925145263514822
16-Aug-16,370,-0.009412797142563366,-0.01704841650178311,-0.009692165634897781,0.020654779030746064,0.022285044789434955,0.0037664827954768648
15-Aug-16,371,-0.018563890648998174,0.02613938820303526,0.002972212026066994,-0.017241806434505992,0.010856844899281725,-0.00618032331310298
12-Aug-16,372,-0.00039976014923732024,0.018898926168036147,0.0035783547948770767,0.0017108644036293876,0.009058464801659716,-0.004543640049872714
11-Aug-16,373,0.00039976014923740806,0.036971035246926236,0.007797310460031711,-0.005123836999869395,0.02032000249095753,0.01531670411189324
10-Aug-16,374,0.004809628510027045,0.0009661836500411824,-0.004955337116484549,0.006837633477603969,0.0004888780346696394,0.012808459613954869
9-Aug-16,375,0.003219318675791084,-0.030932754116155595,0.006311065274728084,0.015557790030925943,-0.01600810318227069,-0.0019180715566741392
8-Aug-16,376,-0.0016109548389281725,0.005639112687770247,-0.00301023707142432,0.015803665173125543,0.02041879398875942,0.012672345891743595
5-Aug-16,377,-0.02070962106855272,0.046789339633288775,0.006634523732690351,0.008888947417246214,0.011857846450783468,0.011151495544647425
4-Aug-16,378,0.0011831987181976126,0.006937589767987508,-0.0070852787549715805,0.005371543801910849,-0.0004968944201615384,0.014400926553823955
3-Aug-16,379,-0.0234020039953049,0.014525674882718748,-0.0031496089028963314,-0.007155665595412248,0.017034480037225838,0.05856474254988196
2-Aug-16,380,0.00502416515777546,-0.043925146505650894,-0.0023930612676720192,0.07205331764005778,0.011690095007803053,0.005443013135641363
1-Aug-16,381,0.005828654543031993,0.0,0.010663163286292318,0.009624713374209472,-0.03861096303358392,0.004863231469507953
29-Jul-16,382,-0.0035012679222548304,0.01263379291868212,0.023063259746651812,-0.03047854965741548,0.005425414047929782,0.003968864925825715
28-Jul-16,383,0.011326033980484729,-0.011667609268640989,-0.002777350959808149,-0.0332133849870699,-0.001482579960222836,0.02133331793639263
27-Jul-16,384,-0.012102431535013199,-0.005302494949820608,0.006957894324848039,0.0,-0.023427132895140118,0.009103814249470479
26-Jul-16,385,-0.010806743535102284,0.027786335527618274,0.0020191045144856107,0.02016566959459442,-0.00625152312493815,0.015252917255268724
25-Jul-16,386,-0.008029100675274185,0.005452305948115517,0.007960706990455183,-0.009216655104923952,-0.017110683613210626,0.011918324359972433
22-Jul-16,387,0.01264626932407725,-0.0074276152323701616,-0.0012529367339963586,0.009216655104924048,0.012805486817690231,0.010423547144528499
21-Jul-16,388,0.0023166033526352977,0.01541168958059063,0.007541276902311797,0.0018535686493230564,-0.052986371063879045,-0.006852694462040507
20-Jul-16,389,-0.006933772001438109,0.01108323687798255,0.0014203426991288243,0.02251502236763477,0.006813562584941456,0.00914740125490921
19-Jul-16,390,-0.003066311333145172,-0.0035398267051240623,-0.0037831066557038454,0.019157674032933183,0.008238032859342334,0.016212100323165897
18-Jul-16,391,0.0011487652038733585,0.03231879125516731,0.0037831066557038992,0.0,0.034123432273133386,-0.006648960665251167
15-Jul-16,392,0.0034542348680876036,-0.0015629073251731606,-0.004726651308186626,0.0354367787569105,0.006200830743843313,0.010659661228658617
14-Jul-16,393,-0.0019204922361387264,0.002606204237750774,-0.01791464687382761,0.004016069654889965,0.033571627555235614,0.007057666667309789
13-Jul-16,394,0.007704198352987574,-0.015536304215144597,-0.01120760944638062,0.0020140993717011856,0.01999067070507013,0.008807645012908417
12-Jul-16,395,-0.008087854601699005,0.017103293305697584,0.017713208599070662,0.0,0.03023545716831309,0.018544487476717435
11-Jul-16,396,-0.0022988515871107127,0.0020931457145052196,0.0029569704838765614,0.0,0.03602084340443727,0.02562892601164434
8-Jul-16,397,0.0034502621921525278,0.04664474590584395,0.011443027912453182,-0.004024150299725491,0.007579895522769171,0.014687708067577115
7-Jul-16,398,-0.023155333271484987,0.007160592424608354,0.0009463723103801475,-0.002006018726865743,0.0059962022121656765,-0.001442481317556456
6-Jul-16,399,-0.004492706920407687,0.028597407150172924,0.02314733405395393,-0.004000005333346017,0.0,0.0003604253057580697
5-Jul-16,400,0.004117542781698608,-0.0319086684538289,-0.012677695273457766,0.0160969270421748,-0.022169061457766655,-0.018925756818813477
1-Jul-16,401,0.0052651494329008335,0.018910463409289497,0.012839207023788844,-0.014098924379501648,-0.0010689471889050444,-0.007751976804317936
30-Jun-16,402,0.025201791973950324,0.018702727074180848,0.0016165538599586529,0.014098924379501675,0.0102014307521774,0.012361096823573926
29-Jun-16,403,0.01049572317201387,0.03078953640093028,0.02988728200618013,0.026723070140753508,0.04526158850252623,0.02227903862110007
28-Jun-16,404,0.007452476147206574,0.008888947417245994,0.022078928390220718,-0.008298802814695066,0.017659245574258953,0.019076147060813887
27-Jun-16,405,0.0035495994674581257,-0.05613275575734665,-0.019909549149771916,0.008298802814695064,-0.033345841741958385,-0.025956492870557974
24-Jun-16,406,0.005149545940831637,-0.08414665105367947,-0.02393445935004372,-0.03480392219469212,-0.049345874103154976,-0.052375350399348986
23-Jun-16,407,-0.0027761271051677267,0.017219314053798968,0.015119433454786758,-0.012000144003110634,0.020850795480190358,0.026372104339195908
22-Jun-16,408,-0.0019782400121057075,-0.0005261773338973785,0.006812354998946884,0.001990050408010231,-0.015013686839967703,-0.01708251405300359
21-Jun-16,409,0.008335035355143627,0.008982887352120958,-0.0021650437302077274,0.0,0.03741287515359378,-0.007232681779015088
20-Jun-16,410,-0.00675275654401419,-0.007403524033564828,0.0016650020496492921,0.003992021269537457,0.0033204236373025474,0.00481597078058469
17-Jun-16,411,-0.0035566131148471155,0.017539647091957315,-0.014721959714429831,0.0020020026706729687,0.024692612590371414,-0.0013783599701212709
16-Jun-16,412,0.00672870142099114,-0.025934239934983776,0.008244069775082062,-0.011952333523841058,-0.002836881335199504,0.0020682530640590605
15-Jun-16,413,-0.0011907125836273578,0.027544114175887268,0.008312599819365565,0.013958352250706855,0.00910649434879501,-0.010981579130485308
14-Jun-16,414,0.00996619769860145,-0.015983291774811278,-0.0005007093486902041,-0.004008021397538711,0.006309169193264756,0.014784522348177858
13-Jun-16,415,0.0024067400305650593,0.009025811207312507,-0.017696649703217413,-0.0019980026626729977,-0.007452026460514678,-0.020909073646292062
10-Jun-16,416,-0.004807701568103232,0.005883943158974566,0.004106781952653502,-0.02561716437030033,-0.03203420866626979,-0.013142564906882538
9-Jun-16,417,0.01530436637344608,-0.020181247859799106,-0.016002954185146596,0.005853675251460508,-0.0022099456508029554,-0.009993420942951371
8-Jun-16,418,0.008150004361924408,-0.008898252902364338,-0.02195073314136298,-0.0019550348358033506,-0.018589928459872836,-0.0013249422276108338
7-Jun-16,419,0.0004092490337454726,0.008372628711550456,0.004447275436667075,0.003913899321136315,-0.0059411462899082645,-0.0056115017690461
6-Jun-16,420,-0.0012272449893772704,-0.020286781555120783,-0.0341137757851366,0.0,0.03173132740217279,0.011587615172387829
3-Jun-16,421,0.01940205340742316,-0.004111002706522206,-0.0013836576886588562,-0.005865119452398134,0.0016689850883881618,-0.006968669316093204
2-Jun-16,422,-0.0016659728967744914,-0.001025115415245297,0.03533826116944027,0.02967576814611654,0.0,0.027150989065950898
1-Jun-16,423,0.007099633078607627,-0.01877751188093445,-0.0015903311239866284,-0.02576951317905145,-0.006659292089976737,0.0095596494488801
31-May-16,424,-0.010837955189214758,-0.014970339458865356,0.003502072983912795,0.01577942010396521,0.012802846738382091,0.0024042601311826976
27-May-16,425,0.00332226219197786,-0.046452473167540684,0.01300074486437898,-0.011857846450783503,-0.003913899321136329,0.007594099319593675
26-May-16,426,0.0037507858100825583,-0.17043081027243298,0.011046246173284,0.0019665689720408473,0.004474280394921107,0.0006932409289764863
25-May-16,427,-0.004997927938056372,0.009615458699441973,0.008530235451813856,0.0098912774787427,0.029581224017574133,-0.0003466805373602829
24-May-16,428,0.016335441779175574,0.007272759329079657,0.02333439206177284,0.003984069014874513,-0.00633095639764047,0.02349748648357446
23-May-16,429,-0.005894753911349112,0.009780029053639479,-0.006555196176878783,0.0160969270421748,-0.018192656389495295,-0.014444499863686313
20-May-16,430,0.01267444089672786,0.022361180158157325,0.006892521192726985,0.020492520390117386,0.02799383026614276,0.014444499863686363
19-May-16,431,0.00298062813813772,0.04190437796420741,-0.019710008363480566,-0.010298752200574473,0.012828164254112453,-0.022110042625902923
18-May-16,432,-0.019007964045176632,-0.008262712806210087,0.0034794169805475606,-0.02028467117150589,-0.036304764930435475,0.007665542762216649
17-May-16,433,-0.016597891409037828,-0.04942928014950018,-0.035863664200822355,0.008064559836730495,0.025796787332020402,-0.009745987340623362
16-May-16,434,0.0074349784875179905,0.009109793848897233,0.007231851526495187,-0.029912499362600094,0.00524018666355625,-0.002076125313199948
13-May-16,435,0.006655598611736067,-0.009521910071503182,-0.007872158895898792,0.013847896858793535,0.0058548176614314,-0.014754084758271085
12-May-16,436,0.007120448932382418,0.00869030919197726,-0.003354903697884745,0.003992021269537457,-0.0017600473889360546,0.002728514653203914
11-May-16,437,0.010989121575595165,-0.04271546262296085,-0.016450861350315298,0.004008021397538647,-0.007009374492576277,-0.02562513780282316
10-May-16,438,-0.0029705092922933073,-0.017762456339840388,0.0006277464110727835,0.0020100509280243217,0.009944510148338826,0.02596672619213957
9-May-16,439,0.008083430528745075,0.020154801978460125,0.018858018634396723,0.0,0.00945074960939968,-0.012899024739939998
6-May-16,440,-0.0029857134570763317,0.008016074988236125,0.00272326960452993,0.0,-0.017064256371262913,0.0016877641137196147
5-May-16,441,-0.0021272077793754616,-0.060884973766403075,0.014216717636852446,0.022381402196134912,-0.0005832604423150553,0.003045172375166584
4-May-16,442,0.018010778452981917,-0.004533441840607436,-0.005031253005469229,-0.04230237969068939,-0.006393512043333139,0.0003389256090740075
3-May-16,443,0.006511852834923553,-0.025308384645506634,0.0053567208683910445,-0.003937012959339532,-0.0189388730941848,-0.1402039964603061
2-May-16,444,0.010948215333898548,0.017798022644327213,0.007187224666105477,0.03193884250783263,-0.009618178814557246,0.0029507250680575374
29-Apr-16,445,0.007070290168779731,-0.02292999871716259,-0.003273325344969249,0.03509131981127019,0.0056465423882100406,-0.006480140496519617
28-Apr-16,446,0.002664299977463047,-0.022773440369344818,0.0082034914528279,-0.012526259819180369,-0.035052267226960296,-0.01948019152144023
27-Apr-16,447,0.008932618573446755,-0.02226633782468374,-0.003781966194950373,0.004158010148663898,0.021553749556065076,0.0011524057743242774
26-Apr-16,448,-0.0017929184542889976,0.013371064796620985,-0.0006562756593216644,-0.004158010148663788,0.023171423816198685,0.006652229881874743
25-Apr-16,449,0.003589057239817262,-0.022417751409445755,-0.007353575092951581,0.004158010148663898,-0.0353870115843227,0.000580551540253618
22-Apr-16,450,0.005407854549291003,0.0031222922156218568,0.0008143986116707214,-0.0020811662038245117,-0.00220507255831387,0.004364913084700966
21-Apr-16,451,-0.04159891812270402,-0.015514877663932777,0.014608384529727986,-0.014448135747386041,-0.045217605993293226,-0.025623972834583196
20-Apr-16,452,-0.03868707741370585,0.01412598855177844,0.005138842639017083,0.004106781952653281,-0.00838579337627407,-0.0008523938575490434
19-Apr-16,453,0.006694585672214202,0.010463995025280937,0.0048313296808327145,-0.008196767204178515,0.03505404045843543,0.008270402195559658
18-Apr-16,454,0.005894753911349232,0.00035069262151440043,0.006198193894666968,0.012320484388040657,0.018549358911131988,0.005743841179252093
15-Apr-16,455,0.010613557496100696,0.014129518006140243,0.00387238466892919,-0.00617921636595812,-0.018549358911131936,0.015382686140939471
14-Apr-16,456,0.00128123015604854,-0.020423245074833007,0.003718104672054825,0.0,-0.0032379952737753384,-0.00844624214428236
13-Apr-16,457,-0.009781068835160757,0.011921599819512277,-0.013955669960594429,0.0041152321451065794,-0.01071821622002426,0.03512239420855867
12-Apr-16,458,0.006794081335884284,0.008857453834061023,0.023482792038560317,0.010362787035546658,0.05309044190033498,0.013914320073432246
11-Apr-16,459,-0.0034028105994947204,-0.017637141486106844,0.0005129520502316946,-0.008298802814695066,-0.008396354952906391,0.0
8-Apr-16,460,0.005535462292855479,-0.03436764350420777,-0.014095503816100564,0.008298802814695064,0.023119157697506998,0.003967653610293474
7-Apr-16,461,-0.00085360653924054,-0.034531983542375806,-0.009900240272691301,-0.010362787035546547,-0.003985203110963014,-0.011553792252282704
6-Apr-16,462,0.008569032725101587,-0.004883617064018448,0.022799265012631294,0.008281620831722018,0.03409749563633572,-0.003018414606807862
5-Apr-16,463,-0.015371780047854,-0.03447516649283612,-0.011380165279945021,0.0020811662038244493,-0.010526412986987504,-0.009000960858976056
4-Apr-16,464,-0.00927885189558958,0.009774632451571588,0.030697771850766876,-0.014478019180653225,-0.006956549793359827,-0.013940608383430739
1-Apr-16,465,0.010975205143768138,0.0006339144427811062,0.005238356661588931,0.01239685297682872,-0.03127920626023516,0.010660450380503799
31-Mar-16,466,0.007241778187298307,-0.005690815231754848,0.0021030501967786684,-0.018538120998911226,0.0,-0.01154371261958435
30-Mar-16,467,0.009450242151802804,0.0003153082163911214,-0.0008768084735344257,-0.0141846349919563,0.011827792069047268,0.004128581505763303
29-Mar-16,468,0.010848446597746085,0.004108079722759972,0.016614026545204077,0.0,-0.009024313922264533,0.03488026474622059
28-Mar-16,469,-0.004787821986055003,0.005397695276940868,-0.00017820547137956824,-0.00801607498823606,-0.015599202105633524,0.013245226750020723
24-Mar-16,470,0.00043431053885738854,0.01863807165249616,-0.004267431796219355,-0.009930568202600689,0.018973783485778852,-0.00371402469637137
23-Mar-16,471,0.009602867333341418,-0.026881618652489492,-0.02002526077282532,-0.019570096194097338,-0.041385216162854364,0.006197726687217829
22-Mar-16,472,-0.003939598004080203,0.019449042830007535,0.02625470158156383,-0.0019361090268663291,0.007596346891934776,-0.004342438585471979
21-Mar-16,473,0.00393959800408031,-0.020395863162693883,-0.009948563133323469,-0.03047854965741548,-0.019952131263652837,-0.005555569844601994
18-Mar-16,474,-0.022979550072943354,-0.0047207011349374535,0.02234430255850677,-0.016744577273801665,-0.005855752692219797,0.016447228782935145
17-Mar-16,475,0.00990746850559051,0.006615239118719183,-0.017737632469969677,0.012999254543639817,-0.0026504123652012,0.031466126912962515
16-Mar-16,476,0.018790153008310235,0.012082817906122468,0.012329290460708521,-0.011152531950475116,0.044379576909281016,0.01660464651809559
15-Mar-16,477,-0.004840493499598443,-0.030558370834015768,-0.028185859474618668,-0.01102952357549962,-0.03640717220613888,0.014883688014740049
14-Mar-16,478,0.0017574696966461256,-0.0071108662590988,-0.009048260792404781,-0.014519311324453268,0.006424004961354881,-0.006973297392317666
11-Mar-16,479,-0.0013183917532583356,0.00773159874333779,0.02632654676873194,-0.01253373614725658,0.05010682005417877,0.0166837369950351
10-Mar-16,480,0.006609409387673807,0.011239581324935003,-0.002841415514980445,-0.04862068700607409,-0.015686596167699393,-0.005369140415058097
9-Mar-16,481,0.0062084456624841335,0.007563855790645986,0.019157331022533246,0.07384724995174967,0.010617590664402111,0.018578477275256914
8-Mar-16,482,0.005352376738592061,-0.011949827733900239,-0.019334651707455724,-0.04983237374787564,-0.054126356127334345,-0.028237170181610226
7-Mar-16,483,-0.0017873105740957515,-0.009024489440321543,0.004442477319560994,0.021053409197832263,0.014473584207340679,0.0023228814161397287
4-Mar-16,484,0.002682165219939354,0.035954676995895885,0.003925772350955574,-0.014084739881738972,-0.020310692847563334,0.009681264064850098
3-Mar-16,485,0.01215957337240959,0.023721664716579067,0.004120761900258165,-0.06431996578755904,0.014925650216675574,-0.006353473972175379
2-Mar-16,486,0.02616628513502798,0.03581972897443773,-0.011424615514988228,0.0,0.027771999953598983,0.015113637810048106
1-Mar-16,487,0.0009306654929532579,0.009933289416915382,0.031187746284164333,0.019868203216724965,0.0011049724881182432,0.010204170174241668
29-Feb-16,488,-0.0013956736389748026,0.01981639675414519,-0.025134674571086882,-0.0033389012655145986,0.0184105618431796,-0.007832493643270403
26-Feb-16,489,-0.023887217534613064,0.009880108599707237,-0.003565066164496257,0.02020270731751947,0.0005632216425992909,0.008516488197981228
25-Feb-16,490,0.012791403279558798,0.014285957247476434,0.02358557433784764,0.02061928720273561,0.002256064126682554,0.0003421728006012538
24-Feb-16,491,-0.002296212260350268,0.003603607503298618,-0.0032739207125923155,-0.0017346058122083075,0.01651048037038539,-0.007161155922828065
23-Feb-16,492,-0.005033183812331846,-0.002883924132904982,-0.0038060761850243928,0.012205905679503545,-0.027181741422352433,-0.0003397316152941739
22-Feb-16,493,0.0018273189186985505,0.0471716043340213,0.018071131542054846,-0.019114396023315328,0.030056132593695613,0.0068166589790979405
19-Feb-16,494,0.0,-0.0037664827954768934,-0.004777664361720118,0.017361547195901026,-0.029497317267614252,-0.006137080291713765
18-Feb-16,495,0.024064095014042896,0.028600614833215344,-0.008397274608286862,0.008795131452827345,0.04049598096451851,0.00204151142697663
17-Feb-16,496,0.011304877814404493,0.019926426061445287,0.027646434564153558,-0.0035273405179682992,0.09519377214456941,0.00477979742376135
16-Feb-16,497,-0.008020802613214494,0.022750931391724783,0.017532733021478137,0.0,0.043172171865208574,0.019350983922527664
12-Feb-16,498,0.0084946239914228,0.028251623060648042,0.007636539593152727,0.02315330497471682,0.06918387521210484,0.009817750668129229
11-Feb-16,499,-0.017849229158643024,0.012116296125754027,-0.010295610485669338,-0.03366128257313197,-0.04482543138006427,-0.017810842746247318
10-Feb-16,500,0.01123607326692597,-0.014190555322074055,-0.014312862039490656,-0.0017406444777839894,-0.0006846970483173513,-0.012725881113834414
9-Feb-16,501,0.015658682933195736,-0.020509332495506204,0.011093467155853833,-0.013817145553141955,-0.02099636901300675,-0.009862348260128924
8-Feb-16,502,-0.0033420895276089,0.008562743449887857,-0.004339220090289832,-0.027074411764956976,-0.04840709578704224,0.02224214873372074
5-Feb-16,503,,,,,,
