,N_index,NYSE:EGL Open,NYSE:EGL High,NYSE:EGL Low,NYSE:EGL Close,NYSE:BA Open,NYSE:BA High,NYSE:BA Low,NYSE:BA Close,NYSE:TGI Open,NYSE:TGI High,NYSE:TGI Low,NYSE:TGI Close,NYSE:LMT Open,NYSE:LMT High,NYSE:LMT Low,NYSE:LMT Close,NYSE:NOC Open,NYSE:NOC High,NYSE:NOC Low,NYSE:NOC Close,NYSE:OA Open,NYSE:OA High,NYSE:OA Low,NYSE:OA Close
29-Dec-17,0,28.71,28.96,28.35,28.37,296.94,297.30,294.83,294.91,27.65,27.65,27.2,27.2,322.22,323.15,321.02,321.05,308.25,309.19,306.91,306.91,132.09,132.09,130.85,131.5
28-Dec-17,1,28.43,28.92,28.31,28.73,295.81,296.99,294.74,296.35,27.50,27.65,27.3,27.55,319.83,322.3,319.71,322.1,306.82,308.51,305.85,308.29,132.06,132.10,131.84,132.0
27-Dec-17,2,28.52,28.62,28.32,28.39,296.41,296.80,294.80,295.62,27.50,27.75,27.2,27.45,319.67,319.67,318.07,319.44,304.65,306.33,304.08,306.16,131.75,132.24,131.59,132.09
26-Dec-17,3,28.36,28.74,27.95,28.48,295.54,297.44,294.65,295.36,27.30,27.70,27.0,27.45,318.36,319.77,317.97,318.51,304.42,306.43,303.73,303.84,132.15,132.23,131.51,131.6
22-Dec-17,4,28.20,28.51,27.95,28.36,296.33,296.52,293.01,295.1,27.55,27.65,27.15,27.35,318.30,319.24,317.60,318.03,305.77,305.77,303.7,303.78,132.31,132.31,132.05,132.14
21-Dec-17,5,28.73,29.15,28.12,28.21,298.05,298.39,294.13,295.03,27.15,28.05,26.96,27.55,319.00,319.2,317.01,317.19,307.54,307.74,304.06,304.49,132.27,132.34,131.99,132.25
20-Dec-17,6,27.93,29.02,27.81,28.77,298.70,299.33,297.11,297.9,27.25,27.38,26.95,27.1,319.84,321.26,317.65,317.72,307.93,308.50,306.38,306.62,132.35,132.45,132.12,132.22
19-Dec-17,7,27.00,27.89,26.87,27.63,296.50,297.58,294.18,297.25,27.65,27.80,27.05,27.1,322.76,323.13,319.78,319.97,308.72,309.88,307.04,307.12,132.15,132.33,132.04,132.3
18-Dec-17,8,27.31,27.95,26.56,26.95,296.00,297.14,294.52,296.14,27.50,27.90,27.25,27.65,323.59,323.94,319.00,322.76,311.02,311.13,306.73,308.4,131.91,132.27,131.75,132.2
15-Dec-17,9,28.00,28.86,28.0,28.44,295.87,297.37,293.02,293.94,26.75,27.70,26.65,27.25,318.69,323.38,318.43,322.82,308.53,311.15,307.52,310.47,131.48,132.00,131.48,131.91
14-Dec-17,10,28.17,28.54,27.85,27.96,293.35,296.82,292.60,293.88,26.60,27.00,26.2,26.65,318.21,319.03,316.42,317.01,309.45,310.08,306.32,306.91,131.60,131.94,131.59,131.65
13-Dec-17,11,27.68,28.46,27.68,28.15,290.50,295.85,289.70,291.84,26.55,27.10,26.45,26.6,316.66,319.84,316.30,317.79,306.96,311.08,306.96,308.46,132.05,132.34,131.21,131.75
12-Dec-17,12,27.42,28.11,27.42,27.78,289.94,292.80,287.72,289.94,26.65,26.94,26.3,26.5,315.89,316.9,314.91,315.89,307.28,307.92,305.1,307.28,132.39,132.48,132.0,132.15
11-Dec-17,13,27.49,28.12,27.31,27.41,286.21,286.49,279.90,283.16,26.65,27.15,26.4,26.5,315.45,317.24,315.15,316.17,306.52,307.17,303.86,304.56,132.57,132.57,132.25,132.31
8-Dec-17,14,27.90,27.96,27.61,27.66,285.01,287.32,283.56,285.9,26.85,26.85,26.15,26.7,316.56,316.56,313.45,315.85,303.25,305.67,301.01,305.67,132.55,132.58,132.15,132.55
7-Dec-17,15,27.78,28.15,27.64,27.78,282.81,284.79,277.80,281.97,26.65,27.55,26.45,26.65,311.83,315.36,311.81,314.42,300.26,303.87,300.2,302.68,132.40,132.47,132.14,132.15
6-Dec-17,16,27.79,28.10,27.56,27.81,276.58,279.14,274.00,278.27,27.10,27.40,26.55,26.8,311.98,313.07,310.25,311.97,297.96,301.29,297.82,300.2,132.49,132.73,132.37,132.47
5-Dec-17,17,27.97,28.26,27.63,27.87,279.01,279.44,274.86,275.54,28.75,28.75,26.7,27.25,314.50,314.5,310.07,310.14,301.53,301.84,297.52,297.75,132.78,132.78,132.48,132.49
4-Dec-17,18,28.70,29.02,28.17,28.2,276.16,281.83,276.00,277.97,30.10,30.20,28.45,28.6,315.94,316.52,311.61,311.78,301.73,303.10,300.5,300.56,132.47,132.77,132.36,132.77
1-Dec-17,19,29.12,29.43,27.16,28.15,277.51,278.73,270.60,271.38,30.85,30.85,28.95,29.5,319.06,319.63,311.13,313.57,307.00,307.81,297.0,299.63,132.20,132.60,132.07,132.28
30-Nov-17,20,29.25,29.61,29.04,29.19,269.91,277.04,269.43,276.8,31.20,31.90,30.8,30.9,319.62,320.94,318.48,319.12,307.00,309.76,304.78,307.4,132.30,132.39,131.94,131.94
29-Nov-17,21,29.19,29.74,28.8,29.17,269.48,269.68,266.15,269.3,30.80,31.80,30.6,30.9,319.50,321.21,318.33,320.76,308.14,308.33,306.05,306.69,132.30,132.37,131.91,132.25
28-Nov-17,22,28.59,29.14,28.36,28.91,267.00,268.01,265.23,267.99,30.25,31.15,29.85,30.9,316.78,319.43,316.17,319.01,305.22,309.24,304.82,307.9,132.40,132.40,132.15,132.25
27-Nov-17,23,28.42,28.62,27.79,28.38,265.38,266.84,264.72,265.58,30.00,30.25,29.75,30.1,316.00,316.89,315.04,316.7,302.89,304.25,302.08,303.63,132.45,132.47,132.28,132.3
24-Nov-17,24,28.58,28.58,28.09,28.35,265.26,266.57,264.53,265.88,30.00,30.15,29.45,30.05,315.09,316.23,315.02,315.82,302.82,303.90,302.19,302.72,132.26,132.45,132.26,132.45
22-Nov-17,25,28.54,29.02,28.43,28.45,267.00,267.48,264.53,265.15,30.20,30.40,29.9,30.0,316.31,316.86,314.35,314.87,303.24,303.62,300.3,302.02,132.35,132.46,132.19,132.35
21-Nov-17,26,28.30,29.07,28.3,28.55,266.24,267.00,264.71,266.99,30.25,30.60,30.0,30.2,315.24,317.62,314.61,316.94,302.14,304.93,301.09,304.31,132.40,132.76,132.29,132.33
20-Nov-17,27,27.81,28.29,27.8,28.25,263.00,265.62,262.76,264.63,30.05,30.52,29.8,30.1,310.20,315.57,310.01,314.65,296.96,301.25,296.76,300.94,132.31,132.52,132.17,132.3
17-Nov-17,28,28.50,28.88,27.82,27.86,262.82,263.74,262.03,262.26,29.85,30.55,29.8,30.05,311.59,312.43,309.50,309.7,299.57,300.09,296.67,296.85,132.30,132.53,132.19,132.2
16-Nov-17,29,28.07,28.85,28.06,28.71,263.76,265.04,263.34,263.7,29.50,30.20,29.45,30.1,311.09,312.8,311.00,312.65,300.38,301.24,299.53,300.55,132.41,132.86,132.14,132.43
15-Nov-17,30,28.00,29.42,27.99,28.01,261.42,264.77,260.15,262.86,29.60,30.10,29.15,29.3,313.10,313.78,310.54,310.64,300.77,302.34,299.64,299.94,132.55,132.71,132.1,132.39
14-Nov-17,31,26.81,27.00,26.6,26.79,262.00,262.40,260.20,261.76,29.45,30.22,28.95,29.95,312.00,314.0,310.70,313.74,297.17,300.53,296.15,300.46,132.85,133.03,132.78,132.78
13-Nov-17,32,26.91,27.32,26.76,27.05,261.67,263.36,260.49,262.42,31.15,31.40,29.2,29.65,311.00,313.28,310.31,312.95,297.73,298.96,294.44,298.48,132.85,133.00,132.75,132.89
10-Nov-17,33,27.19,27.50,27.0,27.16,262.11,262.50,259.60,260.85,31.45,31.85,31.25,31.4,310.30,311.68,309.76,311.17,298.50,299.66,297.56,298.13,132.78,133.00,132.21,132.96
9-Nov-17,34,27.77,28.13,27.2,27.31,265.01,266.75,259.56,262.7,33.75,34.20,31.55,31.7,314.85,315.06,310.28,311.08,302.87,303.58,298.09,299.14,132.93,133.02,132.75,132.75
8-Nov-17,35,28.72,29.36,27.35,28.08,266.14,267.62,265.29,265.57,31.10,34.58,31.1,34.25,313.44,315.7,313.30,315.64,303.30,304.25,302.5,303.3,132.88,133.01,132.84,132.93
7-Nov-17,36,29.45,30.13,28.73,28.76,264.07,267.28,264.07,266.13,31.50,31.95,31.25,31.75,310.08,313.37,310.08,313.29,301.99,304.66,301.99,303.31,132.90,133.00,132.85,132.95
6-Nov-17,37,27.99,29.85,27.65,29.48,262.62,265.84,262.53,264.07,30.95,31.50,30.95,31.3,309.72,311.93,308.68,310.08,300.86,303.49,300.28,301.86,132.85,133.05,132.85,132.85
3-Nov-17,38,31.00,31.20,27.76,27.93,262.42,263.79,260.08,261.75,31.45,31.45,30.5,30.95,310.92,311.85,309.04,309.99,301.18,303.36,299.15,301.66,132.88,132.95,132.62,132.87
2-Nov-17,39,33.39,34.03,32.91,33.79,258.31,263.24,258.00,262.63,30.95,31.80,30.65,31.6,306.11,310.86,306.11,310.86,293.88,301.49,293.88,301.36,132.80,132.96,132.64,132.7
1-Nov-17,40,34.03,34.03,32.83,33.41,258.29,259.41,256.24,258.5,31.40,31.60,30.5,30.9,309.05,309.66,306.23,306.6,295.67,296.49,293.98,294.17,133.10,133.19,132.74,132.77
31-Oct-17,41,33.19,33.76,33.18,33.67,259.34,259.93,257.47,257.98,30.65,31.45,30.5,31.05,309.16,309.84,308.14,308.16,296.99,297.41,295.39,295.53,133.31,133.31,132.8,132.93
30-Oct-17,42,33.32,33.41,32.74,33.02,255.45,260.41,255.33,259.25,30.60,31.05,30.15,30.55,308.50,310.42,307.82,308.63,296.87,298.29,295.2,296.37,133.22,133.33,132.91,133.0
27-Oct-17,43,33.13,33.74,32.92,33.6,258.26,259.50,255.80,256.46,31.40,31.40,29.95,30.8,307.95,310.38,307.75,308.0,298.00,299.02,296.79,297.66,133.28,133.37,133.09,133.3
26-Oct-17,44,34.57,34.57,33.12,33.15,259.72,261.44,257.31,259.27,32.20,32.30,31.3,31.4,313.44,314.42,303.31,307.89,306.00,306.00,295.56,297.99,133.05,133.32,132.91,133.26
25-Oct-17,45,34.35,35.06,33.94,34.4,264.78,266.00,254.50,258.42,31.70,32.10,31.55,31.9,312.86,315.96,311.31,312.43,300.63,306.61,299.74,304.75,132.90,133.09,132.82,133.05
24-Oct-17,46,34.40,34.99,34.28,34.42,263.24,267.21,263.24,266.0,32.10,32.20,31.8,31.9,314.69,317.0,310.61,313.15,293.20,294.55,292.24,294.03,132.84,133.05,132.72,132.9
23-Oct-17,47,33.40,34.92,33.26,34.4,265.13,265.98,262.14,262.32,32.20,32.20,31.85,31.95,321.06,321.56,319.87,320.73,295.41,297.10,294.0,294.05,132.72,132.98,132.61,132.95
20-Oct-17,48,33.52,33.60,33.21,33.41,260.36,264.83,259.44,264.75,31.85,32.25,31.7,32.2,317.93,320.0,316.60,320.0,293.75,294.62,292.04,294.6,133.08,133.08,132.54,132.69
19-Oct-17,49,33.78,33.78,33.13,33.52,258.98,259.10,256.03,259.04,31.60,31.95,31.32,31.5,315.57,317.07,313.02,316.84,292.00,293.10,288.57,292.65,132.86,133.08,132.76,132.98
18-Oct-17,50,33.73,34.36,33.58,33.88,258.47,260.73,256.66,260.04,31.50,32.10,31.45,31.95,318.33,318.82,314.70,315.57,294.67,294.67,290.85,292.0,133.30,133.33,132.86,132.87
17-Oct-17,51,34.17,34.33,33.55,33.73,256.49,259.05,256.26,258.62,31.35,31.75,31.0,31.45,318.70,318.92,317.02,318.27,295.50,295.87,293.74,294.32,133.25,133.34,132.89,133.28
16-Oct-17,52,34.74,34.94,34.1,34.28,261.50,262.00,259.69,259.75,31.80,32.20,31.0,31.5,319.74,320.67,317.74,318.94,297.00,297.57,294.3,295.78,133.60,133.60,133.02,133.44
13-Oct-17,53,34.67,35.38,34.55,34.74,262.90,263.79,260.74,260.74,32.05,32.48,31.58,31.65,321.62,322.19,319.14,319.39,299.18,299.33,296.22,296.4,133.60,133.87,132.87,133.5
12-Oct-17,54,34.89,35.00,34.4,34.57,260.95,262.98,260.00,261.91,32.00,32.45,31.8,32.35,318.35,321.56,318.28,321.15,295.12,298.88,295.0,298.68,133.30,133.48,133.07,133.42
11-Oct-17,55,34.99,35.35,34.96,35.26,261.32,261.32,259.02,260.39,32.45,32.60,32.4,32.5,317.65,317.99,317.20,317.61,293.79,293.79,293.1,293.13,133.57,133.68,133.33,133.38
10-Oct-17,56,35.26,35.45,34.74,34.9,259.74,261.06,257.20,260.93,32.65,32.75,32.25,32.5,318.32,318.32,316.22,317.71,294.71,294.71,292.07,293.33,133.50,133.78,133.25,133.58
9-Oct-17,57,34.91,35.29,33.84,34.81,259.00,259.00,257.11,258.39,31.70,32.55,31.7,32.5,316.62,318.34,315.50,317.3,293.75,294.98,292.15,293.86,133.81,133.97,133.35,133.5
6-Oct-17,58,35.09,35.13,34.65,34.99,258.00,258.90,257.06,258.58,31.70,31.85,31.2,31.7,315.00,316.46,314.28,316.46,292.94,293.38,291.85,293.33,133.65,133.91,133.24,133.78
5-Oct-17,59,34.47,35.63,34.38,34.97,255.28,258.99,254.78,258.89,31.35,32.60,31.35,31.7,312.82,315.28,312.64,314.58,291.89,293.22,290.96,292.68,134.40,134.55,133.74,133.77
4-Oct-17,60,33.77,34.80,33.77,34.41,256.12,257.13,254.07,255.76,31.25,31.45,30.85,31.4,313.28,314.1,312.46,313.02,291.00,292.61,290.21,292.18,133.80,134.59,133.54,134.57
3-Oct-17,61,34.58,34.80,33.54,33.91,255.99,258.26,254.69,255.46,31.10,31.45,30.45,31.2,311.38,314.02,311.30,312.86,289.80,292.32,289.02,291.08,133.60,134.12,133.5,134.12
2-Oct-17,62,34.68,35.57,33.35,35.56,254.65,255.99,253.53,255.99,29.80,31.25,29.74,31.2,310.79,311.38,309.27,311.33,288.50,289.95,287.22,289.9,133.13,133.68,133.03,133.58
29-Sep-17,63,34.46,34.79,34.18,34.68,253.85,255.26,252.59,254.21,30.20,30.30,29.58,29.75,308.95,310.36,308.69,310.29,285.27,287.81,283.77,287.72,132.81,133.16,132.66,133.16
28-Sep-17,64,34.19,34.99,33.94,34.45,254.11,255.80,251.17,254.27,30.25,30.95,30.05,30.2,309.01,310.37,306.58,309.13,285.73,286.24,283.93,284.62,132.75,133.02,132.7,132.8
27-Sep-17,65,34.40,34.73,33.98,34.33,255.27,258.77,253.97,255.28,29.65,30.52,29.15,30.3,309.70,311.32,309.01,310.13,285.04,287.27,284.83,286.84,133.02,133.24,132.61,132.64
26-Sep-17,66,33.72,34.09,33.72,33.94,254.60,256.48,253.54,253.7,27.95,30.05,27.95,29.6,308.55,310.69,308.21,309.58,281.60,284.93,281.47,284.74,132.86,133.12,132.73,132.97
25-Sep-17,67,33.12,33.80,33.02,33.48,256.97,256.97,251.50,254.32,27.90,28.28,27.3,28.0,308.48,308.97,304.71,306.85,281.50,281.61,278.88,281.37,132.60,133.04,132.58,132.98
22-Sep-17,68,32.58,33.44,32.58,32.98,256.31,259.30,256.13,256.45,27.90,28.70,27.9,28.05,308.65,311.36,308.26,308.54,281.54,282.93,280.21,281.55,132.45,132.72,132.44,132.64
21-Sep-17,69,31.81,32.61,31.81,32.49,256.13,256.99,254.42,256.04,27.90,28.20,27.65,27.85,308.10,308.91,307.39,308.01,279.89,281.01,278.7,280.42,132.33,132.60,132.3,132.4
20-Sep-17,70,31.94,32.67,31.09,31.78,253.26,256.69,252.25,255.46,28.20,28.30,27.85,28.05,305.36,307.96,305.24,307.9,278.25,281.57,278.0,280.04,132.40,132.51,132.07,132.39
19-Sep-17,71,30.65,32.42,30.65,31.99,253.08,255.17,251.63,252.46,28.20,28.25,27.82,28.15,304.29,307.26,303.66,305.65,276.14,279.90,275.02,278.33,132.25,132.47,131.97,132.42
18-Sep-17,72,29.86,31.06,29.86,30.52,249.97,253.79,248.91,253.08,28.25,28.65,28.0,28.2,302.86,304.33,302.40,303.8,267.03,276.20,264.81,275.97,131.90,133.39,131.71,132.25
15-Sep-17,73,29.63,30.26,28.83,29.67,247.36,249.95,246.21,249.0,27.45,28.25,26.9,27.9,302.34,303.35,301.03,302.3,265.75,267.20,265.04,267.03,108.39,110.17,108.39,110.04
14-Sep-17,74,30.51,30.51,29.53,29.6,243.00,245.61,242.50,245.23,27.30,27.35,26.8,27.35,300.20,301.39,298.40,301.34,266.41,266.63,264.69,265.69,107.97,108.56,107.08,108.39
13-Sep-17,75,30.52,30.81,30.1,30.57,240.00,243.48,237.09,241.93,26.90,27.45,26.75,27.25,303.06,303.06,300.11,300.2,268.26,268.83,266.51,266.7,108.57,108.64,107.86,107.97
12-Sep-17,76,30.56,30.97,30.31,30.6,240.59,241.71,238.95,240.58,26.35,27.05,26.3,27.0,304.45,304.76,302.91,303.73,268.88,270.38,268.41,268.96,108.97,109.00,108.16,108.64
11-Sep-17,77,30.62,31.00,30.4,30.54,239.50,241.85,239.31,240.59,26.20,26.95,25.85,26.25,303.70,304.59,302.21,304.48,268.60,269.82,268.04,269.3,108.75,109.64,108.27,108.56
8-Sep-17,78,30.45,30.77,30.07,30.37,235.75,239.39,235.21,238.78,25.80,25.95,25.4,25.95,301.52,303.66,301.52,302.9,265.83,268.14,265.0,267.45,107.79,108.24,107.37,107.9
7-Sep-17,79,30.60,31.04,30.34,30.55,234.75,236.54,234.29,236.31,25.50,25.85,25.1,25.8,301.45,302.77,300.24,302.35,265.53,266.03,264.36,265.87,107.98,108.39,106.4,108.0
6-Sep-17,80,30.98,31.46,29.77,30.55,237.53,237.86,234.34,234.62,26.15,26.15,25.32,25.55,303.41,303.94,301.31,301.45,268.95,268.95,265.25,265.27,110.17,110.17,107.75,107.8
5-Sep-17,81,31.39,31.97,30.47,30.84,240.30,240.36,236.23,237.0,26.50,26.55,25.32,26.0,304.45,304.53,301.91,302.2,270.92,270.92,267.8,268.07,111.56,112.03,109.61,110.0
1-Sep-17,82,31.10,31.68,30.77,31.42,239.66,242.53,239.17,240.33,26.30,26.95,26.2,26.5,305.96,306.34,302.19,302.19,272.03,272.32,268.83,268.83,111.44,111.95,110.63,110.86
31-Aug-17,83,30.82,31.28,30.57,31.07,241.00,241.10,238.41,239.66,26.60,27.20,26.2,26.3,306.86,306.86,304.97,305.39,271.73,272.77,270.02,272.21,111.08,111.69,110.08,111.58
30-Aug-17,84,29.74,30.92,28.86,30.69,240.99,241.44,239.00,240.46,26.20,26.68,26.1,26.5,306.42,307.22,305.50,306.3,270.81,271.21,269.8,271.01,109.27,110.87,108.08,110.8
29-Aug-17,85,29.13,29.88,29.02,29.77,237.21,241.17,236.08,240.49,25.55,26.50,25.45,26.45,304.50,308.18,304.50,308.14,269.71,271.52,268.61,270.72,106.94,109.21,106.94,108.93
28-Aug-17,86,29.81,30.32,29.13,29.39,236.22,237.55,234.61,237.18,25.85,26.25,25.25,25.75,303.73,303.85,302.51,303.61,270.00,270.66,267.18,267.9,107.96,108.00,107.0,107.35
25-Aug-17,87,30.13,30.20,29.56,29.69,239.00,239.09,235.60,235.89,25.75,25.98,25.55,25.7,303.92,304.68,302.71,302.8,269.99,270.57,268.55,269.33,106.94,107.79,106.64,107.19
24-Aug-17,88,29.98,30.27,29.52,30.01,238.52,238.90,236.60,238.74,25.35,25.80,25.2,25.7,303.51,304.05,301.25,302.6,269.88,270.64,268.3,268.54,106.78,106.78,105.41,106.6
23-Aug-17,89,29.84,30.25,29.5,29.84,239.36,239.36,237.19,238.09,25.10,25.55,24.95,25.15,304.00,304.56,302.53,302.84,271.72,272.60,270.49,270.77,106.71,107.09,105.89,106.35
22-Aug-17,90,29.54,29.95,29.3,29.88,236.16,239.89,236.11,239.75,25.05,25.85,25.0,25.3,303.51,305.48,302.97,304.8,269.00,273.49,268.57,272.82,106.04,107.20,105.72,107.04
21-Aug-17,91,29.37,29.98,29.18,29.44,235.77,236.94,234.35,235.68,25.25,25.25,24.45,24.9,300.00,302.23,297.77,301.88,267.71,268.04,264.35,267.7,105.09,105.70,104.09,105.5
18-Aug-17,92,29.36,30.10,29.22,29.42,235.00,237.26,234.57,235.77,25.50,25.60,24.75,25.3,300.87,301.26,298.82,299.2,268.98,269.17,267.17,267.61,105.29,105.37,104.18,105.11
17-Aug-17,93,30.41,30.61,29.59,29.61,237.38,237.60,235.25,235.59,26.95,27.20,25.6,25.7,305.26,305.65,301.27,301.42,270.04,270.81,268.0,268.13,106.77,107.18,105.52,105.62
16-Aug-17,94,30.61,31.01,30.31,30.51,239.70,240.26,237.41,237.59,27.80,28.15,26.7,27.0,305.88,306.81,305.35,305.8,271.36,271.36,269.08,269.99,107.94,108.32,106.97,107.23
15-Aug-17,95,31.55,31.82,30.27,30.56,237.21,239.64,236.01,239.17,28.95,28.95,27.52,27.75,307.97,308.48,305.52,306.2,271.25,271.48,270.02,271.14,109.00,109.02,107.15,107.75
14-Aug-17,96,30.57,31.58,30.57,31.56,236.01,237.48,235.72,237.15,28.15,28.82,28.0,28.75,305.45,308.06,304.26,307.58,270.24,271.89,269.24,271.4,109.97,110.55,108.28,108.68
11-Aug-17,97,30.60,30.78,30.13,30.34,232.76,235.40,230.94,234.88,27.60,28.30,27.6,27.95,302.84,306.45,302.58,303.75,271.10,272.76,269.1,269.28,105.41,106.78,105.41,106.58
10-Aug-17,98,30.56,31.09,30.3,30.5,234.03,236.16,231.91,232.88,27.50,28.10,27.47,27.8,306.55,307.1,303.00,303.25,274.00,274.61,270.23,270.55,106.75,107.22,105.3,105.84
9-Aug-17,99,30.62,31.05,30.27,30.87,238.01,238.70,234.10,234.31,28.05,28.40,27.45,27.7,301.20,305.54,301.00,305.22,270.85,273.80,270.17,273.1,104.97,106.89,104.95,106.81
8-Aug-17,100,30.84,31.87,30.59,30.78,239.91,240.52,238.93,239.5,27.45,28.55,27.45,28.1,297.79,300.42,297.34,300.1,269.34,270.20,269.08,269.82,106.12,106.52,104.78,105.13
7-Aug-17,101,31.60,31.60,30.53,30.98,237.60,241.43,237.21,240.23,28.20,28.48,27.35,27.45,297.31,297.73,296.60,297.15,269.51,269.73,268.52,269.58,106.95,106.95,105.6,106.47
4-Aug-17,102,30.35,31.93,30.11,31.6,238.58,239.73,236.38,237.71,27.55,28.40,27.3,28.2,296.27,297.0,295.04,297.0,268.90,269.24,267.46,269.24,106.89,107.15,105.39,106.56
3-Aug-17,103,30.00,30.49,28.26,30.02,237.06,239.59,236.04,238.25,26.95,27.52,26.65,27.45,294.00,295.91,292.80,295.82,267.00,268.90,265.12,268.78,104.33,107.45,103.94,106.46
2-Aug-17,104,29.32,30.50,28.59,30.5,239.06,241.56,237.88,237.95,25.70,27.45,25.55,26.9,292.73,294.84,292.15,294.7,264.52,266.87,264.14,266.83,103.16,104.15,102.78,103.6
1-Aug-17,105,29.37,29.56,29.07,29.31,243.38,243.99,239.16,239.44,25.75,25.80,25.05,25.6,293.93,294.33,291.90,292.65,263.32,264.72,263.04,264.64,102.67,103.02,101.96,102.98
31-Jul-17,106,-,-,28.85,29.17,-,-,-,242.46,-,-,25.0,25.6,-,293.84,-,292.13,-,-,263.07,263.13,-,-,101.59,102.18
28-Jul-17,107,29.25,29.57,28.76,29.35,240.82,242.00,238.55,241.27,24.85,26.25,24.45,26.2,288.07,290.77,286.58,290.41,261.13,264.28,260.22,264.1,101.71,102.66,101.35,102.61
27-Jul-17,108,29.27,29.60,28.85,29.08,237.13,242.68,236.70,241.0,26.90,26.95,24.8,24.95,290.20,290.49,286.17,288.13,264.24,264.28,259.0,260.76,103.34,103.40,101.02,101.85
26-Jul-17,109,29.59,29.82,29.08,29.28,223.48,233.98,223.02,233.45,27.40,28.90,26.6,27.3,290.82,290.99,288.77,289.85,264.23,265.36,259.39,263.86,103.96,103.96,102.71,102.92
25-Jul-17,110,29.37,29.79,29.09,29.6,213.22,214.00,211.95,212.46,34.18,34.18,33.2,33.3,291.48,292.07,289.72,289.83,266.45,266.81,263.66,264.05,103.77,104.48,102.69,103.87
24-Jul-17,111,29.06,29.24,28.78,29.05,212.00,212.64,211.40,212.18,33.55,33.65,32.9,33.5,289.47,291.24,289.20,290.28,265.51,266.33,265.07,265.27,103.21,103.76,102.3,103.24
21-Jul-17,112,29.60,29.60,28.98,29.11,209.99,212.20,209.41,212.14,34.40,34.50,33.7,34.2,288.30,290.07,286.86,289.12,263.63,265.30,262.14,265.3,102.24,103.37,101.99,103.25
20-Jul-17,113,29.64,29.84,28.78,29.44,211.10,211.25,209.92,210.28,34.10,34.35,33.92,34.1,290.58,290.74,288.94,289.67,264.92,265.56,263.42,264.77,102.71,102.96,101.79,102.4
19-Jul-17,114,28.96,29.74,28.96,29.65,209.43,210.93,208.99,210.88,33.85,34.32,33.65,34.1,287.68,291.28,287.04,290.67,264.42,265.32,264.07,264.92,101.93,102.57,100.81,102.39
18-Jul-17,115,29.44,29.46,28.8,28.9,209.11,209.19,207.53,208.24,33.20,33.75,33.2,33.65,290.64,292.97,286.03,286.79,265.04,266.74,263.64,264.24,101.94,102.33,101.12,101.47
17-Jul-17,116,29.60,29.93,29.31,29.6,208.73,209.72,208.56,209.0,33.15,33.85,32.9,33.5,288.50,290.06,287.61,288.49,264.84,266.27,263.26,264.81,101.91,102.11,101.25,101.88
14-Jul-17,117,29.62,29.85,29.37,29.68,206.80,208.73,206.74,208.51,33.35,33.50,32.9,33.1,287.05,288.77,286.71,288.13,263.95,265.51,263.69,264.83,101.15,102.30,100.88,101.93
13-Jul-17,118,29.71,30.00,29.13,29.68,206.80,207.00,205.35,206.23,32.70,33.40,32.35,33.35,287.12,287.85,285.78,286.76,264.37,265.29,263.28,263.86,101.11,101.18,99.82,100.8
12-Jul-17,119,29.73,30.37,29.49,29.71,206.95,208.61,206.32,206.44,32.75,33.10,32.5,32.85,287.15,288.77,286.36,286.36,263.62,265.11,263.0,263.96,101.54,102.87,100.93,101.01
11-Jul-17,120,29.18,29.66,28.6,29.54,204.00,206.66,204.00,206.27,32.15,32.78,32.0,32.55,285.57,287.75,285.06,286.42,262.01,263.00,260.14,262.64,101.28,101.47,99.54,100.95
10-Jul-17,121,29.23,29.52,29.04,29.17,202.32,204.58,202.19,203.96,32.15,32.25,31.22,32.1,285.50,287.91,284.22,285.57,261.61,263.55,260.55,261.78,102.26,102.37,100.68,101.12
7-Jul-17,122,28.26,29.31,28.25,29.31,202.24,203.28,201.26,202.37,31.45,32.50,31.3,32.2,281.66,286.95,281.50,285.2,259.76,263.74,259.33,261.99,101.04,102.68,100.88,102.33
6-Jul-17,123,28.65,29.30,28.12,28.19,201.64,202.49,200.78,201.48,31.35,32.00,31.18,31.45,282.00,283.48,280.40,280.96,260.06,261.36,257.63,258.94,101.31,102.22,100.6,100.64
5-Jul-17,124,29.22,29.30,28.8,28.86,199.30,202.14,198.86,201.81,31.65,31.75,31.05,31.55,279.50,283.72,279.40,282.4,257.80,261.09,257.78,260.28,100.24,102.53,100.24,101.3
3-Jul-17,125,28.66,29.39,28.54,29.26,198.07,199.44,197.75,198.59,31.70,31.95,31.0,31.6,277.39,280.48,277.20,278.92,257.53,259.40,256.66,257.7,98.67,100.27,98.42,99.79
30-Jun-17,126,28.10,28.68,27.81,28.4,198.50,199.44,197.39,197.75,31.25,32.10,31.1,31.6,277.62,278.92,276.32,277.61,255.77,257.77,255.56,256.71,97.06,98.91,96.81,98.36
29-Jun-17,127,27.87,28.05,27.48,27.96,199.62,199.76,196.45,197.46,31.15,31.45,30.4,31.0,279.85,279.85,274.69,276.73,257.84,257.84,252.82,254.88,98.56,98.90,96.02,96.71
28-Jun-17,128,27.39,27.95,27.29,27.85,199.50,200.95,199.30,199.62,30.10,31.50,30.06,31.1,279.08,280.92,278.37,280.02,256.65,258.31,256.13,257.56,97.62,98.76,96.63,98.71
27-Jun-17,129,27.62,27.85,27.11,27.11,199.80,200.92,198.89,198.89,29.55,30.20,29.45,29.85,279.32,280.21,277.83,277.83,255.49,257.33,255.17,255.33,97.60,97.99,97.0,97.01
26-Jun-17,130,27.48,27.92,27.06,27.64,202.77,204.39,199.94,199.98,29.60,30.05,29.25,29.55,281.17,283.2,279.49,279.7,257.83,259.91,255.66,255.95,98.74,99.23,97.19,97.91
23-Jun-17,131,27.11,27.44,26.53,27.37,199.26,202.35,198.68,202.23,29.05,29.70,28.7,29.6,280.03,281.48,280.03,280.64,256.75,258.55,256.75,257.4,98.63,99.14,98.14,98.45
22-Jun-17,132,26.75,27.45,26.71,27.11,199.25,200.41,199.18,199.44,29.60,30.05,28.9,29.05,282.73,283.71,280.38,280.43,259.87,260.19,256.85,256.89,100.85,101.28,98.66,98.8
21-Jun-17,133,27.60,27.60,26.67,26.82,199.58,199.71,197.56,199.17,30.20,30.60,29.5,29.65,283.68,284.21,282.21,282.99,260.20,261.40,259.0,260.29,100.87,101.61,100.38,100.8
20-Jun-17,134,27.82,28.43,27.27,27.43,198.75,201.24,198.31,198.33,31.30,31.30,30.18,30.25,282.95,284.98,282.40,282.89,261.00,262.59,260.11,260.16,100.70,101.25,100.5,100.77
19-Jun-17,135,28.69,29.57,27.56,27.71,197.88,199.47,197.00,199.08,31.95,32.15,31.05,31.3,281.75,284.48,281.39,282.3,260.08,262.09,259.1,261.27,100.11,101.29,100.0,101.12
16-Jun-17,136,28.83,29.98,28.31,28.43,196.01,197.95,195.81,196.44,32.35,32.50,31.4,31.85,282.13,282.28,280.68,281.11,259.35,259.73,258.28,258.59,99.42,100.16,98.51,99.5
15-Jun-17,137,28.85,29.91,28.85,29.21,191.43,195.55,191.37,195.45,32.60,33.15,32.2,32.55,279.75,281.57,277.77,280.93,258.08,259.53,256.03,258.64,98.77,99.65,98.35,99.59
14-Jun-17,138,28.99,29.45,28.83,29.29,191.05,193.38,190.82,192.38,33.05,33.45,32.5,33.05,278.10,282.32,278.00,280.3,258.01,262.43,258.0,259.66,99.26,100.12,98.98,99.48
13-Jun-17,139,29.13,29.30,28.77,28.94,190.05,191.56,189.35,191.09,33.45,33.50,32.55,33.1,276.90,278.94,275.48,278.36,255.78,258.34,254.77,257.59,97.35,99.41,97.31,99.27
12-Jun-17,140,28.72,29.20,28.59,28.86,190.30,190.53,188.05,190.0,33.20,33.85,32.75,33.4,277.09,277.22,273.73,276.89,256.56,256.56,253.67,255.99,98.07,98.11,95.84,97.1
9-Jun-17,141,28.45,28.92,28.14,28.74,190.00,190.99,189.25,190.03,34.60,34.75,33.0,33.15,277.66,279.19,276.61,277.0,255.85,257.12,255.0,256.69,99.66,99.72,97.48,98.07
8-Jun-17,142,27.36,28.49,27.17,28.33,188.10,191.07,187.70,189.93,33.25,34.80,32.95,34.5,278.00,278.69,276.67,277.62,254.79,257.14,254.19,256.14,99.28,99.86,98.8,99.41
7-Jun-17,143,27.40,27.89,27.29,27.44,186.85,188.54,186.39,188.1,33.00,33.45,32.55,33.3,277.41,277.85,276.24,277.38,254.04,255.07,253.1,254.67,100.27,100.37,99.37,99.56
6-Jun-17,144,27.15,27.60,26.39,27.34,188.41,188.86,186.68,186.75,32.75,33.50,32.5,33.05,279.54,279.95,276.72,276.88,254.87,256.55,253.08,253.19,100.83,101.11,100.19,100.24
5-Jun-17,145,27.39,27.61,27.09,27.45,190.07,190.74,188.81,188.95,33.25,33.50,32.65,33.15,281.50,282.3,280.09,280.13,258.50,258.55,255.6,255.61,103.32,103.33,101.15,101.28
2-Jun-17,146,27.21,27.93,27.21,27.44,187.82,191.70,187.65,190.23,33.65,34.10,33.4,33.45,281.28,282.89,280.75,281.76,257.80,259.23,257.22,258.52,103.17,105.09,102.97,104.32
1-Jun-17,147,26.36,27.19,26.28,27.14,187.41,187.91,184.53,187.32,32.85,33.85,32.35,33.55,281.18,281.7,279.50,280.96,257.73,258.46,256.19,257.61,101.85,103.69,101.46,103.38
31-May-17,148,27.10,27.10,25.7,26.33,187.37,188.26,186.72,187.63,33.00,33.00,32.2,32.6,279.47,281.28,279.27,281.13,257.04,259.22,255.63,259.22,100.49,101.77,100.25,101.66
30-May-17,149,27.29,27.37,26.62,26.84,186.76,187.42,186.19,186.88,33.25,33.50,32.5,32.65,281.83,282.84,279.73,280.09,256.90,257.32,254.95,256.21,101.06,101.32,100.03,100.49
26-May-17,150,27.80,27.92,27.15,27.53,186.73,187.60,186.27,186.59,33.30,34.65,32.8,33.25,282.04,284.0,281.54,283.65,256.52,257.93,256.3,256.99,102.36,102.36,100.68,101.44
25-May-17,151,27.42,28.04,27.3,27.99,185.63,187.42,185.59,187.07,32.00,34.50,31.75,33.9,281.00,282.33,280.56,282.06,254.10,256.82,253.5,256.52,101.09,102.35,101.02,102.04
24-May-17,152,27.29,27.79,27.0,27.22,183.46,185.40,183.46,185.25,28.80,32.90,28.55,31.65,278.22,280.56,278.11,280.05,251.25,253.58,251.0,253.38,98.89,101.02,98.57,100.9
23-May-17,153,27.24,27.70,26.88,27.22,184.00,184.46,182.86,183.49,24.45,24.90,23.75,24.25,278.00,278.62,276.10,278.36,250.00,251.45,248.58,250.65,98.90,98.99,97.57,98.89
22-May-17,154,26.60,27.24,26.51,27.09,183.78,185.32,182.52,183.67,23.10,24.50,22.95,24.3,280.79,280.79,276.22,277.03,252.92,254.00,249.41,249.45,97.94,99.30,97.75,98.42
19-May-17,155,26.28,26.99,26.28,26.53,177.73,181.42,176.77,180.76,22.20,23.15,22.2,22.95,268.70,272.88,268.11,272.79,248.02,250.38,247.6,249.88,96.97,97.86,96.61,97.25
18-May-17,156,26.69,26.96,26.23,26.27,178.48,178.50,175.47,177.4,22.45,22.70,21.8,22.1,268.54,269.0,266.01,267.32,245.92,248.99,243.39,246.88,96.21,96.99,95.55,96.34
17-May-17,157,27.89,28.21,26.78,26.8,181.39,181.52,178.68,178.78,23.20,23.65,22.76,22.8,270.10,270.73,268.91,269.24,245.82,248.74,245.54,246.32,96.29,97.17,96.29,96.6
16-May-17,158,28.01,28.60,27.56,28.56,182.73,183.15,182.04,182.7,23.35,25.15,22.15,23.85,272.08,273.26,271.43,271.65,248.11,249.37,246.99,247.38,97.71,97.82,96.65,97.69
15-May-17,159,27.26,28.62,27.26,27.95,183.30,184.11,182.28,182.39,19.90,20.90,19.8,20.45,271.28,272.47,271.05,272.35,247.11,248.49,246.94,248.25,96.62,98.07,96.27,97.38
12-May-17,160,27.26,27.55,26.92,27.35,183.71,183.98,182.63,183.25,20.75,20.80,19.65,19.8,270.91,271.7,270.75,271.26,247.16,248.15,246.5,247.45,98.89,99.11,96.66,96.9
11-May-17,161,27.55,27.69,27.2,27.39,182.90,184.33,182.17,183.94,21.85,22.30,20.55,20.95,271.14,272.25,270.20,272.09,247.09,248.05,246.21,247.52,96.03,99.62,93.5,99.43
10-May-17,162,28.39,28.51,27.61,27.84,185.14,185.65,178.18,183.18,24.30,24.40,21.22,21.6,272.88,273.71,270.17,271.74,249.95,251.01,246.9,248.11,98.36,98.88,97.01,98.09
9-May-17,163,29.22,29.27,28.15,28.38,186.11,187.20,186.05,186.91,24.90,25.15,24.25,24.3,273.00,274.22,272.27,273.87,249.10,249.65,248.65,249.49,98.65,99.12,98.28,98.4
8-May-17,164,29.37,29.42,28.47,29.26,185.38,186.39,185.00,186.02,24.60,25.30,24.15,24.85,272.92,274.0,272.10,272.5,248.70,249.31,248.03,249.14,98.50,98.62,97.9,98.53
5-May-17,165,29.36,31.58,28.46,29.2,183.16,185.07,183.16,185.01,25.00,25.05,24.6,24.8,270.68,273.1,270.21,273.03,246.29,249.04,245.5,248.91,98.12,98.80,98.11,98.63
4-May-17,166,28.51,28.92,27.89,28.82,183.33,184.25,182.18,183.07,25.50,25.50,24.2,24.8,269.87,270.71,268.86,270.51,245.45,246.02,243.63,245.75,99.55,99.55,97.92,98.29
3-May-17,167,28.14,28.48,27.85,28.47,183.45,183.75,182.25,183.39,25.75,26.00,24.9,25.05,268.75,269.95,268.20,269.6,244.91,245.84,243.95,245.51,98.37,99.80,98.15,99.65
2-May-17,168,29.00,29.25,28.26,28.45,182.54,183.91,182.53,183.44,26.05,26.22,25.75,25.9,268.19,269.87,268.00,269.49,244.46,245.68,243.5,245.33,98.39,98.96,98.23,98.87
1-May-17,169,28.62,29.89,28.19,28.95,184.23,184.48,181.80,182.39,26.35,26.50,25.9,26.05,269.55,270.11,268.37,268.43,246.30,246.53,244.32,244.34,99.26,99.63,97.8,98.34
28-Apr-17,170,29.47,29.58,28.3,28.35,183.42,184.93,183.02,184.83,26.60,26.65,26.12,26.2,271.07,271.54,268.62,269.45,248.90,249.36,245.6,245.96,98.71,99.50,98.29,99.0
27-Apr-17,171,29.60,29.93,28.87,29.51,182.59,183.76,182.59,183.22,26.70,26.70,26.2,26.4,270.84,272.77,269.94,271.14,248.96,249.82,247.41,248.4,99.00,99.33,97.99,98.7
26-Apr-17,172,28.86,29.58,28.85,29.49,182.31,183.00,180.11,181.71,26.20,27.05,26.0,26.65,270.59,272.51,269.54,270.35,249.80,250.00,243.05,248.06,99.28,99.28,98.48,98.62
25-Apr-17,173,29.38,29.66,28.71,28.92,182.53,183.85,182.53,183.51,26.55,26.65,26.05,26.2,273.90,274.5,267.68,270.02,248.13,249.62,247.38,248.13,98.70,99.14,98.11,99.04
24-Apr-17,174,28.55,29.33,28.53,29.12,181.75,182.46,181.61,182.06,27.00,27.00,26.15,26.25,275.54,276.64,274.31,276.21,248.98,249.75,247.58,249.14,98.78,99.14,98.26,98.51
21-Apr-17,175,28.73,28.73,27.84,28.17,179.42,180.93,179.42,180.38,26.45,26.70,26.0,26.35,272.20,274.49,272.00,273.09,245.12,247.43,244.88,246.33,98.38,98.38,97.26,97.28
20-Apr-17,176,28.51,28.85,28.33,28.65,178.74,179.82,178.35,179.3,26.20,26.80,26.0,26.55,270.15,273.2,269.66,271.85,243.86,245.94,243.51,244.85,97.13,98.16,96.27,97.93
19-Apr-17,177,28.29,28.81,27.76,28.35,178.47,179.90,178.16,178.4,26.25,26.95,26.0,26.0,269.69,270.05,268.67,269.63,243.55,244.43,242.56,243.74,97.58,97.71,96.53,96.77
18-Apr-17,178,27.29,28.23,27.19,28.19,178.59,179.97,177.12,177.85,25.45,26.10,25.4,26.05,269.88,270.7,268.22,268.78,242.64,244.78,242.42,243.18,96.49,97.27,94.89,97.08
17-Apr-17,179,26.62,27.36,26.38,27.29,175.84,179.08,175.65,179.02,25.10,25.60,24.9,25.5,268.13,269.9,267.91,269.88,240.32,243.28,240.26,243.1,95.83,97.14,95.1,96.87
13-Apr-17,180,26.77,26.97,26.31,26.34,175.74,176.88,175.56,175.62,25.20,25.20,24.8,25.0,268.14,270.28,268.00,268.0,239.04,241.79,239.04,240.2,96.50,97.81,95.22,95.31
12-Apr-17,181,27.75,27.75,26.7,26.85,178.25,178.25,175.94,176.05,25.85,26.05,25.08,25.4,269.89,270.48,268.04,268.51,240.95,240.95,239.04,239.36,97.54,98.07,95.95,96.49
11-Apr-17,182,27.24,27.97,27.19,27.91,177.50,178.60,176.96,178.57,25.65,26.55,25.55,26.05,269.00,270.52,268.18,270.27,239.22,241.15,238.22,241.05,97.74,98.10,97.18,97.49
10-Apr-17,183,27.44,27.83,27.18,27.42,179.00,179.97,177.48,177.56,25.10,26.30,25.05,25.9,270.19,271.36,268.84,269.03,238.64,240.45,237.99,239.34,99.00,99.08,97.7,97.92
7-Apr-17,184,27.25,27.74,27.08,27.54,178.39,179.09,177.26,178.85,25.00,25.50,24.85,25.2,272.34,272.34,268.18,270.23,239.72,240.12,237.39,238.81,96.80,99.00,96.52,98.59
6-Apr-17,185,27.20,27.50,27.06,27.38,177.56,178.22,177.12,177.37,24.60,25.75,24.44,25.3,266.87,267.79,266.32,267.11,235.99,237.52,235.16,236.67,96.37,96.66,95.89,96.25
5-Apr-17,186,27.59,28.02,27.11,27.12,179.00,180.18,176.89,177.08,25.35,25.75,24.6,24.65,269.84,270.95,266.81,266.98,238.00,239.80,235.86,236.1,97.49,97.90,96.11,96.19
4-Apr-17,187,27.82,28.21,27.25,27.36,176.88,178.79,176.76,178.7,24.90,25.60,24.9,25.0,268.54,270.05,268.25,269.56,236.99,238.07,236.43,237.64,97.09,98.15,96.75,97.16
3-Apr-17,188,29.00,29.00,27.88,27.92,177.08,177.73,175.50,176.65,25.80,25.85,24.85,24.95,267.60,269.3,267.35,268.68,237.58,238.56,236.8,237.81,98.00,98.49,96.47,97.15
31-Mar-17,189,29.16,29.16,28.32,28.94,178.02,178.18,176.81,176.86,25.45,26.18,25.45,25.75,270.47,270.47,267.60,267.6,238.72,238.93,237.69,237.84,99.17,99.17,97.91,98.0
30-Mar-17,190,27.57,28.13,27.28,28.11,177.25,178.49,177.22,177.98,25.10,25.50,25.1,25.4,268.56,270.93,268.21,270.54,236.28,239.22,235.55,239.06,98.48,99.82,98.48,99.31
29-Mar-17,191,26.82,27.56,26.65,27.48,177.40,177.99,176.97,177.63,24.65,25.25,24.65,25.0,268.92,268.92,267.26,268.24,236.66,236.92,235.07,236.52,98.67,98.84,97.95,98.38
28-Mar-17,192,27.12,27.15,26.57,26.8,176.29,177.68,175.00,177.36,24.00,24.78,23.75,24.65,266.63,270.79,266.02,269.12,235.11,237.98,234.35,237.19,97.29,99.10,97.08,98.84
27-Mar-17,193,26.71,27.45,26.71,27.33,174.37,176.44,173.75,176.1,23.30,24.35,23.0,24.15,265.65,267.88,264.04,267.16,235.78,236.37,233.2,235.83,96.55,97.93,95.89,97.48
24-Mar-17,194,28.00,28.28,27.08,27.32,176.85,177.53,174.77,175.82,24.25,24.50,23.6,23.8,269.83,269.98,266.72,267.42,239.25,239.83,236.59,236.88,98.98,99.44,97.4,97.76
23-Mar-17,195,27.67,28.48,27.67,27.96,177.34,177.85,176.59,177.26,23.85,24.30,23.5,24.1,269.42,271.47,268.98,269.5,241.00,241.38,239.13,239.5,99.54,99.94,98.79,98.92
22-Mar-17,196,28.52,28.81,27.48,27.75,175.96,177.10,175.50,176.98,24.40,24.45,23.8,23.85,268.83,270.28,267.91,269.42,239.73,242.00,239.1,241.14,99.16,99.62,98.71,99.54
21-Mar-17,197,30.18,30.18,28.6,28.64,179.99,180.25,175.50,175.96,25.60,25.60,24.3,24.45,272.35,273.02,268.36,269.0,243.70,243.70,239.35,239.72,100.81,101.48,98.63,99.28
20-Mar-17,198,30.65,30.89,29.74,29.97,180.10,180.15,179.14,179.39,25.40,25.80,25.15,25.45,272.16,274.57,271.62,272.03,244.77,245.46,242.69,242.99,102.02,102.36,100.53,100.69
17-Mar-17,199,30.18,31.15,29.88,31.03,178.31,180.38,178.17,180.1,25.10,25.45,25.0,25.4,268.78,272.18,268.30,271.98,241.12,244.70,240.69,244.25,101.20,102.72,101.14,102.11
16-Mar-17,200,30.21,30.65,30.18,30.42,179.82,180.00,177.64,178.19,24.80,25.25,24.5,25.0,270.68,270.68,267.13,267.94,244.00,244.13,239.72,240.28,102.52,102.52,101.08,101.19
15-Mar-17,201,29.94,30.35,29.84,30.12,179.00,179.24,177.97,178.71,24.25,24.95,24.1,24.65,268.00,269.87,267.75,269.44,243.80,244.45,243.13,243.84,100.07,102.07,100.07,101.46
14-Mar-17,202,29.57,29.86,29.18,29.83,178.54,179.69,177.71,178.73,24.05,24.35,23.6,24.1,268.93,269.15,267.38,268.0,243.52,244.37,242.75,243.77,99.47,100.15,99.26,100.06
13-Mar-17,203,29.04,30.21,29.04,30.12,177.16,179.19,177.07,179.05,24.35,24.90,24.3,24.5,268.51,269.26,268.00,269.19,243.54,244.73,242.76,244.42,99.50,99.80,98.92,99.74
10-Mar-17,204,28.54,29.36,28.5,28.87,181.90,181.97,177.92,178.7,25.20,25.20,24.32,24.35,269.90,269.9,267.27,268.66,244.56,244.83,242.45,243.59,99.43,99.98,98.25,99.47
9-Mar-17,205,28.87,30.46,28.35,28.44,181.43,182.59,179.58,180.57,25.55,25.75,24.55,24.9,268.00,269.0,267.54,268.68,244.08,244.74,243.52,244.12,98.90,99.98,97.62,99.34
8-Mar-17,206,30.77,30.77,30.1,30.46,182.40,182.69,181.49,181.74,26.35,26.35,25.5,25.55,269.00,269.04,267.31,267.72,244.00,245.08,243.06,243.57,93.80,97.77,93.75,96.82
7-Mar-17,207,30.74,30.84,30.24,30.5,180.64,182.84,180.62,182.02,26.45,26.69,25.95,26.2,267.31,269.38,267.30,269.04,242.51,243.92,242.07,243.78,94.05,95.14,93.03,94.56
6-Mar-17,208,31.25,31.60,30.51,30.75,181.40,182.30,180.43,180.93,26.75,27.00,26.45,26.6,267.43,268.48,266.80,267.72,242.43,243.66,241.97,242.92,94.15,94.86,93.7,94.73
3-Mar-17,209,31.61,32.17,31.15,31.49,183.04,183.58,181.45,182.18,27.30,27.35,26.75,26.85,267.07,268.33,266.25,267.76,243.00,243.76,242.1,242.93,94.15,94.75,94.15,94.46
2-Mar-17,210,32.25,32.25,31.27,31.6,184.00,185.71,182.97,182.99,27.75,28.05,27.1,27.2,269.00,269.0,266.22,266.99,245.00,245.39,242.59,243.07,94.62,94.97,94.15,94.21
1-Mar-17,211,31.76,32.50,31.48,32.34,181.85,184.80,181.82,183.91,28.65,28.80,27.55,27.9,269.09,270.0,267.33,268.38,247.87,248.88,245.88,245.93,93.60,94.79,93.58,94.61
28-Feb-17,212,31.96,32.41,31.3,31.31,180.34,181.93,179.67,180.23,27.70,28.35,27.52,27.8,269.64,269.72,266.45,266.58,247.50,248.30,245.52,247.09,94.02,94.73,92.35,92.42
27-Feb-17,213,30.89,32.19,30.89,31.99,178.00,179.88,177.55,179.43,26.85,28.15,26.75,27.75,265.00,270.0,264.20,269.36,245.59,249.43,245.11,248.6,91.53,93.59,90.94,93.51
24-Feb-17,214,30.13,31.02,30.1,31.0,176.75,178.80,176.10,177.44,26.30,26.95,26.05,26.8,264.57,266.0,263.18,266.0,243.59,245.29,242.54,245.05,89.74,91.88,89.73,91.85
23-Feb-17,215,31.56,31.56,30.13,30.62,175.97,177.00,175.70,176.86,26.45,27.35,26.4,26.7,266.31,266.31,263.77,264.85,242.32,243.99,241.6,243.86,91.66,91.78,90.13,90.43
22-Feb-17,216,31.40,31.78,31.15,31.41,174.98,175.75,174.01,175.36,26.30,26.50,25.95,26.4,265.00,266.02,264.21,265.92,243.35,243.53,242.01,242.98,91.14,91.99,90.6,91.82
21-Feb-17,217,31.15,31.60,31.01,31.54,173.92,176.17,173.68,175.56,27.00,27.10,26.35,26.5,264.81,266.07,264.19,265.66,242.27,244.83,241.7,244.12,89.49,91.30,89.18,91.22
17-Feb-17,218,32.26,32.30,31.0,31.16,170.41,173.25,170.40,172.71,26.65,26.85,26.35,26.8,264.71,265.43,263.50,265.35,243.39,243.99,241.89,243.58,89.35,89.54,88.82,89.52
16-Feb-17,219,31.00,32.11,30.8,32.05,169.74,170.81,168.75,170.81,27.15,27.20,26.4,26.8,263.92,265.4,262.73,265.33,241.60,243.68,240.81,243.53,89.11,89.42,87.72,89.37
15-Feb-17,220,30.57,31.05,30.52,30.96,168.42,169.95,168.35,169.3,27.20,27.21,26.65,27.15,262.00,263.76,261.07,263.46,239.14,241.99,238.95,241.59,89.11,89.41,88.6,89.11
14-Feb-17,221,30.56,30.90,30.24,30.65,167.70,168.80,167.22,168.5,27.55,27.65,26.9,27.2,262.19,263.16,261.85,262.56,239.01,240.33,238.43,239.62,88.60,89.17,88.39,89.15
13-Feb-17,222,30.83,31.12,30.5,30.64,166.45,169.07,166.35,168.03,28.15,28.40,27.5,27.7,261.05,263.11,261.02,262.35,237.05,239.85,236.52,239.08,89.29,89.96,88.91,89.05
10-Feb-17,223,29.59,30.76,29.53,30.47,165.25,166.45,164.47,166.23,28.20,28.50,28.05,28.2,258.48,260.92,258.00,260.55,234.58,236.56,234.07,236.25,88.00,89.38,87.92,89.07
9-Feb-17,224,29.55,30.27,28.74,29.33,164.67,165.09,164.06,164.28,27.90,28.65,27.65,27.75,256.80,259.04,256.80,258.2,232.58,235.38,231.98,234.84,87.41,88.52,87.41,87.63
8-Feb-17,225,29.24,29.43,28.2,28.42,165.00,165.24,163.69,163.81,28.10,28.15,27.4,27.8,256.93,257.81,256.40,256.74,232.91,233.41,232.26,232.42,88.03,88.29,87.08,87.28
7-Feb-17,226,29.14,29.75,29.09,29.45,165.00,167.42,164.87,166.5,28.30,28.45,27.6,28.35,256.00,257.3,255.58,256.37,232.33,233.87,232.1,232.98,88.25,88.72,87.89,88.21
6-Feb-17,227,29.39,29.69,29.09,29.24,162.42,164.08,162.38,163.98,28.05,28.75,27.7,27.95,254.43,257.07,254.11,255.31,231.56,233.43,231.41,232.82,88.03,89.05,88.03,88.17
3-Feb-17,228,29.37,29.87,29.16,29.56,162.99,163.56,162.31,162.4,27.50,29.00,27.15,28.9,252.67,256.46,251.50,254.46,230.06,232.93,229.51,231.36,87.20,88.45,87.2,88.13
2-Feb-17,229,29.19,29.35,28.91,29.13,163.22,163.97,160.82,162.26,27.40,27.75,26.4,27.45,250.90,252.16,250.34,251.97,228.40,230.14,227.92,229.85,87.01,87.33,85.91,86.82
1-Feb-17,230,29.56,30.01,28.86,29.16,164.25,165.81,163.12,163.97,27.25,27.45,26.12,27.4,250.83,252.56,249.98,250.9,228.72,230.15,227.73,228.82,87.30,87.75,86.62,87.34
31-Jan-17,231,29.19,29.59,28.8,29.33,164.96,165.10,163.22,163.42,25.75,26.95,25.0,26.75,252.32,252.5,249.96,251.33,227.89,229.72,226.0,229.08,86.84,87.24,85.51,86.95
30-Jan-17,232,30.07,30.07,29.16,29.37,165.92,165.99,163.82,165.57,25.55,26.30,25.1,26.0,254.33,256.28,251.88,252.83,230.10,231.84,227.84,229.48,87.36,87.43,86.43,87.25
27-Jan-17,233,30.74,30.90,30.31,30.64,169.21,169.80,167.01,167.7,25.75,25.95,25.45,25.9,254.98,259.12,250.13,253.5,227.03,234.58,227.03,229.83,87.68,88.75,87.61,87.8
26-Jan-17,234,31.30,31.44,30.64,30.87,167.25,170.00,167.25,169.12,26.15,26.30,25.25,25.65,250.00,254.99,249.55,254.97,229.21,230.84,223.88,226.96,88.23,88.92,87.41,87.76
25-Jan-17,235,31.85,32.15,31.25,31.28,163.59,168.65,163.24,167.36,25.45,26.30,25.2,26.0,253.06,254.33,248.00,251.0,233.19,233.24,230.01,230.84,88.78,89.08,87.99,88.16
24-Jan-17,236,30.85,31.63,30.71,31.39,158.58,160.93,157.84,160.55,24.20,25.45,24.0,24.9,250.38,253.45,249.02,252.91,229.40,232.95,227.49,232.59,88.29,89.67,86.95,88.67
23-Jan-17,237,31.57,31.87,30.56,30.85,158.94,159.50,157.29,157.84,24.40,24.75,23.45,23.95,258.15,259.74,255.02,257.48,233.00,233.34,230.13,231.69,88.46,88.55,87.25,88.46
20-Jan-17,238,32.01,32.10,31.4,31.67,159.81,160.30,158.23,159.53,25.75,25.95,24.4,24.6,257.96,258.08,256.10,257.73,233.11,233.16,230.76,232.11,88.96,89.42,87.7,88.15
19-Jan-17,239,31.95,32.03,31.19,31.95,158.87,159.87,157.91,159.0,25.35,25.70,24.65,25.65,255.57,257.44,255.19,257.03,231.26,233.79,230.1,232.39,88.16,89.25,88.0,88.83
18-Jan-17,240,32.12,32.16,31.39,31.81,157.55,159.05,156.75,158.32,25.45,25.90,25.15,25.35,254.10,254.73,252.94,254.07,228.46,231.08,228.0,230.24,87.83,88.49,87.14,87.32
17-Jan-17,241,32.18,33.09,31.29,32.02,158.20,159.04,157.23,157.67,26.90,26.95,25.1,25.45,253.46,254.34,252.06,254.12,230.78,230.78,227.43,228.48,88.26,88.43,87.11,87.64
13-Jan-17,242,32.77,33.17,32.22,32.51,158.74,159.58,158.34,158.83,26.70,27.50,26.65,26.95,252.74,255.95,252.02,254.53,229.00,230.99,228.5,230.17,89.22,89.77,88.74,88.97
12-Jan-17,243,32.92,32.95,31.96,32.64,159.15,159.16,156.67,158.29,26.90,26.90,25.65,26.55,254.91,255.33,251.31,252.62,231.38,231.79,227.87,229.15,88.63,89.19,87.93,89.06
11-Jan-17,244,33.43,33.47,32.86,33.1,159.54,159.70,158.28,159.4,26.50,26.85,26.2,26.8,256.30,257.0,251.71,255.13,233.80,234.84,230.14,231.55,89.96,90.39,88.42,88.82
10-Jan-17,245,32.83,33.60,32.8,33.2,158.96,159.94,158.57,159.07,26.45,26.70,26.2,26.55,258.16,258.96,256.17,256.17,235.46,235.79,232.7,233.11,89.00,89.95,88.83,89.87
9-Jan-17,246,33.08,33.30,32.27,32.8,159.00,159.24,158.17,158.32,26.45,26.60,26.0,26.25,258.00,258.99,257.43,257.81,236.84,237.92,235.68,235.81,89.90,90.03,88.21,88.8
6-Jan-17,247,33.81,33.81,33.1,33.36,158.98,159.66,157.89,159.1,27.10,27.10,26.35,26.65,255.48,258.57,255.48,257.85,235.90,237.50,235.77,236.73,90.15,90.43,89.48,90.11
5-Jan-17,248,33.82,34.26,32.86,33.84,158.41,159.70,157.40,158.71,28.30,28.55,26.9,26.95,254.37,258.02,254.10,255.98,235.21,237.42,234.35,235.99,90.17,91.13,89.85,90.06
4-Jan-17,249,33.65,34.32,33.4,34.12,157.81,159.23,157.81,158.62,27.40,28.65,27.35,28.6,254.10,254.9,253.34,253.99,235.24,236.99,234.83,235.25,90.00,91.36,89.92,90.25
3-Jan-17,250,33.94,34.10,32.85,33.33,156.30,157.14,155.21,156.97,26.90,27.30,26.5,27.1,251.20,254.11,250.76,253.31,234.10,235.24,233.14,234.89,87.92,89.80,87.76,89.61
30-Dec-16,251,33.71,33.97,33.25,33.7,156.49,156.79,154.96,155.68,26.90,26.95,26.3,26.5,250.53,251.32,248.78,249.94,232.88,233.34,231.71,232.58,88.75,88.75,87.57,87.73
29-Dec-16,252,33.80,34.42,33.4,33.66,156.00,156.75,155.16,155.69,27.15,27.45,26.6,26.75,250.19,251.92,249.45,250.59,232.23,233.82,232.1,232.63,87.76,88.59,87.65,88.46
28-Dec-16,253,34.41,34.70,33.63,33.67,157.12,157.35,156.01,156.1,28.10,28.40,27.15,27.15,250.44,251.0,248.52,249.58,233.24,233.68,231.56,231.95,88.10,88.46,87.29,87.84
27-Dec-16,254,34.13,34.73,33.96,34.28,158.41,158.48,156.91,157.48,27.35,28.20,27.35,28.05,250.78,251.75,250.20,250.86,233.97,234.35,232.33,233.24,87.89,88.37,87.49,88.22
23-Dec-16,255,34.18,34.57,33.54,34.12,158.27,158.27,156.51,157.81,27.45,27.60,27.05,27.4,248.17,251.88,247.01,249.59,231.47,234.37,231.24,232.99,87.41,87.81,86.16,87.48
22-Dec-16,256,34.50,34.60,33.88,34.16,158.50,158.99,156.25,157.46,26.90,27.45,26.55,27.25,252.01,253.5,251.10,252.8,233.61,234.48,232.51,233.72,86.50,87.79,86.4,87.38
21-Dec-16,257,34.38,34.73,34.22,34.43,156.69,158.50,156.65,157.48,27.30,27.65,26.75,27.05,254.50,254.5,252.28,252.52,235.55,235.68,233.09,233.15,87.29,87.73,86.69,86.97
20-Dec-16,258,34.99,35.59,34.29,34.47,156.96,157.89,155.95,156.39,27.45,27.75,26.7,27.45,252.18,253.78,252.10,253.73,233.97,235.34,233.55,235.14,87.58,87.90,86.67,87.3
19-Dec-16,259,34.02,35.16,34.02,34.7,155.16,157.10,155.07,156.18,26.55,27.35,26.4,27.35,249.54,252.46,249.54,252.18,232.71,234.08,230.64,233.54,86.51,87.69,86.51,87.33
16-Dec-16,260,34.39,35.20,33.68,33.95,153.88,156.00,153.14,154.5,27.20,27.40,26.4,26.6,251.28,252.79,249.03,250.08,232.07,234.07,231.03,231.7,86.14,87.73,86.14,86.75
15-Dec-16,261,34.07,35.18,33.66,34.43,153.93,155.24,153.06,153.77,27.10,27.80,27.0,27.05,252.34,253.31,250.41,250.65,233.02,234.80,231.84,231.99,86.39,87.48,85.73,86.0
14-Dec-16,262,35.39,35.59,33.8,33.86,156.23,156.37,154.18,154.47,27.85,28.05,26.95,27.05,252.31,254.83,252.08,252.3,232.01,235.83,231.63,232.1,86.59,87.09,84.98,86.4
13-Dec-16,263,36.07,36.51,35.08,35.48,159.10,160.07,154.88,156.66,28.30,28.75,27.45,27.9,254.67,255.5,250.12,251.69,232.00,234.24,230.47,231.56,87.89,87.89,86.38,86.6
12-Dec-16,264,38.54,38.54,35.91,36.0,156.00,158.00,154.30,157.16,29.15,29.55,28.25,28.3,251.78,253.7,245.50,253.11,233.64,233.64,220.72,232.07,85.93,87.29,82.44,87.28
9-Dec-16,265,38.60,39.16,38.36,38.9,155.65,156.88,155.42,156.49,29.85,30.20,29.25,29.35,258.60,260.22,258.06,259.53,237.12,239.95,236.77,238.43,87.37,88.55,87.12,87.88
8-Dec-16,266,38.24,38.56,38.12,38.51,154.60,155.97,154.14,155.39,30.30,30.30,29.15,29.95,266.38,266.38,258.61,259.25,247.14,247.24,236.75,237.72,88.50,88.98,86.71,87.16
7-Dec-16,267,37.85,38.62,37.59,38.35,151.67,154.31,151.07,154.14,28.80,29.95,28.55,29.8,266.07,267.0,264.35,266.38,247.38,247.79,245.54,247.14,88.95,88.95,87.86,87.99
6-Dec-16,268,37.45,37.92,37.11,37.71,150.84,152.64,150.02,152.24,27.95,29.00,27.8,28.8,265.83,266.8,264.01,266.0,246.74,248.13,245.14,247.84,87.23,89.39,87.04,88.96
5-Dec-16,269,37.31,37.66,36.62,37.23,153.24,153.75,151.85,152.16,27.55,28.30,27.4,28.1,268.95,269.9,266.31,266.93,251.88,252.02,247.12,247.49,87.00,87.87,86.72,87.69
2-Dec-16,270,35.61,37.00,35.61,36.99,152.45,152.49,151.12,152.25,27.60,27.80,27.0,27.05,266.58,268.15,266.01,267.62,249.62,250.90,248.5,250.87,85.67,86.87,85.22,86.63
1-Dec-16,271,36.62,36.78,35.32,35.7,150.74,152.69,150.39,152.39,27.70,28.45,27.2,27.7,265.29,266.53,264.31,266.4,248.85,250.22,247.82,249.07,85.77,86.91,85.32,85.74
30-Nov-16,272,37.36,37.66,35.87,36.25,151.59,153.08,150.56,150.56,27.50,28.00,27.4,27.8,267.55,267.95,265.25,265.25,252.17,252.66,249.65,249.65,87.15,87.15,85.33,85.33
29-Nov-16,273,37.75,37.80,37.11,37.27,149.83,152.11,149.11,151.64,27.70,27.85,27.15,27.2,264.50,267.77,263.71,266.58,248.79,253.80,248.56,251.8,86.93,87.81,86.84,86.92
28-Nov-16,274,37.64,38.40,37.3,37.43,149.00,150.09,148.32,149.77,28.65,28.90,27.7,27.75,265.73,266.23,264.86,265.93,246.87,250.85,245.38,248.96,87.70,87.70,86.16,87.3
25-Nov-16,275,36.96,38.04,36.46,37.67,150.00,150.15,149.03,150.04,28.80,29.10,28.4,28.9,265.34,266.49,264.65,265.92,247.84,249.08,247.54,248.58,86.68,88.25,86.16,87.95
23-Nov-16,276,36.36,37.36,35.88,36.97,149.61,150.81,149.03,149.74,28.65,29.25,28.4,28.95,264.91,265.82,263.56,264.4,248.78,249.10,246.31,247.59,85.81,86.69,85.3,86.55
22-Nov-16,277,35.07,37.33,35.07,36.42,147.90,149.76,147.88,149.52,27.65,28.70,27.4,28.45,264.49,265.64,263.42,264.66,247.37,248.57,247.13,248.07,85.99,86.23,85.37,85.76
21-Nov-16,278,34.90,35.42,34.76,35.0,147.21,148.49,146.52,147.02,27.50,27.80,26.8,27.3,264.05,264.33,262.64,263.42,246.17,247.04,245.07,246.29,85.95,86.31,85.5,85.73
18-Nov-16,279,34.81,35.36,34.79,35.01,145.18,146.60,144.46,146.35,28.05,28.35,27.15,27.15,263.14,264.46,261.58,263.09,244.50,246.02,244.01,245.46,85.19,85.90,85.04,85.48
17-Nov-16,280,35.00,35.43,34.66,34.79,146.83,147.12,145.00,145.33,28.55,28.55,27.5,27.95,263.50,264.47,262.39,263.28,245.79,246.43,243.84,244.66,84.79,85.50,84.54,85.2
16-Nov-16,281,35.07,35.46,34.4,35.0,147.30,148.41,146.14,146.44,28.25,28.80,28.0,28.15,265.87,266.17,261.46,263.35,247.74,248.50,244.44,245.39,85.10,85.69,84.11,84.63
15-Nov-16,282,36.20,36.58,34.37,35.07,148.44,149.45,147.19,148.11,29.50,29.50,27.8,28.55,268.79,269.74,261.85,265.93,251.29,251.88,246.11,247.45,84.71,85.88,84.47,85.14
14-Nov-16,283,36.67,38.01,36.44,37.27,148.21,150.09,148.21,149.99,29.20,31.00,29.0,30.3,261.23,267.81,260.80,267.24,248.56,253.08,248.17,251.12,82.05,85.18,81.65,85.11
11-Nov-16,284,33.49,36.24,33.33,36.12,147.12,148.60,146.56,148.52,27.55,28.98,27.55,28.95,257.96,259.73,255.06,259.17,245.40,248.00,243.7,247.5,80.27,81.69,79.96,81.61
10-Nov-16,285,31.67,33.57,31.66,33.27,146.51,149.34,146.39,147.69,28.70,29.25,27.7,27.8,257.50,258.19,252.77,257.27,249.10,249.87,242.67,245.17,80.17,81.20,79.33,80.63
9-Nov-16,286,28.01,31.98,28.01,31.79,141.60,145.85,141.54,145.09,25.90,28.25,25.9,27.85,256.59,257.48,250.00,253.46,244.77,249.98,239.15,242.3,77.23,80.88,77.01,79.28
8-Nov-16,287,28.21,28.72,28.2,28.44,141.92,143.31,141.29,142.2,25.15,25.65,24.45,25.45,239.00,240.92,238.60,239.19,230.17,231.12,229.08,229.87,77.16,79.65,76.27,77.84
7-Nov-16,288,27.96,28.56,27.96,28.37,141.50,143.10,141.49,143.03,25.20,26.15,24.8,25.15,239.83,239.92,237.52,239.27,227.85,230.17,227.48,230.06,75.02,76.38,74.93,76.19
4-Nov-16,289,26.78,27.81,26.78,27.28,139.11,140.85,138.80,139.54,22.85,25.68,22.8,25.05,238.85,239.7,236.21,236.28,225.68,227.14,224.91,225.23,73.88,74.53,73.07,74.17
3-Nov-16,290,28.74,28.77,26.51,26.72,140.76,140.90,139.35,140.02,24.50,25.45,22.4,23.15,242.55,243.4,237.11,238.7,229.00,229.44,224.72,225.54,72.06,74.13,72.06,73.8
2-Nov-16,291,31.86,31.86,28.66,28.71,142.00,142.87,140.59,140.75,24.50,24.50,23.3,23.9,244.95,247.65,244.20,245.11,228.14,230.70,227.47,228.67,74.38,74.49,72.06,72.19
1-Nov-16,292,29.30,32.12,29.3,31.79,142.95,143.90,141.81,142.41,23.95,24.70,23.95,24.45,247.19,247.19,244.23,244.98,229.50,230.42,227.34,228.42,74.73,75.06,73.55,73.8
31-Oct-16,293,28.70,28.90,27.8,28.73,143.05,143.35,142.15,142.43,23.65,24.02,23.45,23.7,248.24,248.81,245.68,246.38,229.10,229.74,228.03,229.0,75.37,75.52,74.34,74.36
28-Oct-16,294,29.18,29.25,28.58,28.62,143.72,144.00,142.17,143.01,23.35,23.76,23.2,23.5,248.72,250.17,247.69,248.0,225.59,230.00,225.57,228.38,74.62,75.88,74.62,75.2
27-Oct-16,295,29.87,29.87,28.83,29.09,145.83,146.23,141.78,143.31,24.45,24.45,23.72,23.9,250.28,251.24,248.05,248.53,227.97,228.00,224.0,225.35,74.85,74.93,74.06,74.92
26-Oct-16,296,29.99,30.00,29.63,29.85,138.43,146.19,136.72,145.54,23.75,24.80,23.65,24.2,248.60,252.0,247.49,250.09,226.92,229.45,224.0,228.05,75.29,75.80,74.24,74.79
25-Oct-16,297,29.78,30.02,29.31,29.87,137.53,139.42,137.35,139.02,24.30,24.60,23.55,23.8,241.08,249.79,238.64,249.26,216.89,220.03,216.5,219.53,75.33,75.92,74.31,75.14
24-Oct-16,298,29.52,29.86,29.51,29.69,136.41,138.88,136.41,137.45,24.50,24.75,23.5,24.3,231.50,232.49,230.92,232.16,217.18,217.95,216.34,216.46,76.86,76.86,75.74,75.78
21-Oct-16,299,29.21,29.68,29.06,29.21,134.72,136.19,134.25,135.63,23.40,23.90,23.1,23.7,231.07,231.16,228.50,230.52,215.93,216.34,214.59,215.86,76.16,76.33,75.42,76.05
20-Oct-16,300,29.88,30.35,29.45,29.56,135.92,136.75,135.37,135.84,23.45,23.85,23.12,23.65,232.15,232.71,230.72,231.83,218.26,218.88,216.39,217.36,76.52,77.29,76.2,76.5
19-Oct-16,301,30.57,30.59,29.91,29.91,135.42,136.95,135.33,136.18,24.30,24.65,23.4,23.4,233.08,233.74,231.58,232.33,219.33,219.49,217.43,218.16,77.51,77.65,76.6,76.89
18-Oct-16,302,30.37,30.61,29.78,30.47,135.03,135.74,134.92,135.1,24.30,24.55,23.3,24.25,234.29,239.6,232.58,232.79,220.31,220.41,218.79,219.44,76.93,78.40,75.71,77.64
17-Oct-16,303,31.00,31.29,30.03,30.05,133.50,135.38,133.33,134.0,24.05,24.30,23.35,23.95,232.68,234.33,232.60,232.77,218.85,220.37,218.85,219.14,73.73,74.64,73.39,74.41
14-Oct-16,304,30.41,31.35,30.07,30.12,134.56,135.25,133.48,133.5,24.40,24.54,23.89,24.1,233.38,234.09,231.93,232.57,219.27,219.74,217.6,218.92,73.37,73.86,73.24,73.53
13-Oct-16,305,30.25,31.10,29.72,30.48,132.42,133.93,131.39,133.38,24.20,24.27,23.92,24.18,231.66,233.42,231.05,232.99,215.83,218.91,215.08,218.37,72.16,73.20,71.52,72.92
12-Oct-16,306,30.35,30.78,29.99,30.59,133.76,134.28,133.00,133.16,24.81,25.10,24.18,24.58,231.93,233.12,231.37,232.1,215.02,217.90,214.95,216.85,72.71,73.21,72.45,72.62
11-Oct-16,307,30.67,30.71,30.11,30.29,134.94,135.69,133.27,133.74,25.69,25.84,24.54,24.73,233.00,233.63,231.64,231.85,216.22,216.46,214.69,215.22,73.97,74.59,72.45,72.86
10-Oct-16,308,30.56,31.11,30.52,30.82,134.59,136.87,134.59,135.84,25.81,26.53,25.81,25.88,233.82,234.93,233.12,233.29,215.86,216.87,215.59,216.62,74.19,75.01,74.16,74.38
7-Oct-16,309,31.24,31.24,30.17,30.4,133.93,134.66,132.54,133.85,26.52,26.65,25.2,25.59,233.20,233.99,231.57,233.53,213.64,215.89,212.37,215.43,75.10,75.29,74.0,74.15
6-Oct-16,310,31.69,31.69,30.8,31.29,134.83,135.00,133.68,134.42,27.94,27.94,26.8,27.0,237.00,237.02,234.48,234.72,212.88,215.26,212.02,214.21,75.74,75.80,75.16,75.31
5-Oct-16,311,31.70,32.17,31.58,31.77,132.93,134.90,132.55,134.66,27.62,28.84,27.54,28.48,239.05,239.05,236.50,236.6,214.62,214.62,212.23,212.48,76.18,77.34,75.56,75.6
4-Oct-16,312,31.88,32.63,31.4,31.6,132.77,133.23,131.69,132.25,27.90,28.27,27.32,27.83,240.96,241.05,236.50,237.1,215.44,215.60,212.19,212.83,76.99,77.20,75.62,76.29
3-Oct-16,313,31.21,31.79,30.68,31.69,131.28,132.72,130.74,132.38,27.77,27.92,27.43,27.65,238.71,241.3,237.54,240.58,213.00,215.36,212.87,215.1,76.23,77.06,75.93,76.7
30-Sep-16,314,31.57,31.69,30.95,31.5,132.09,132.63,131.27,131.74,27.58,28.07,27.15,27.88,243.06,243.47,237.33,239.72,214.22,215.13,210.6,213.95,75.58,76.73,75.09,76.23
29-Sep-16,315,31.99,32.58,31.26,31.51,131.80,132.78,130.68,131.03,27.75,27.97,27.01,27.28,246.08,246.08,240.96,242.34,217.23,217.23,212.3,213.61,76.41,76.74,75.06,75.45
28-Sep-16,316,32.10,32.49,31.83,32.14,131.59,132.36,130.59,132.23,27.45,27.87,27.0,27.7,246.13,246.96,244.86,245.75,218.42,218.42,216.68,217.9,76.81,77.22,76.31,76.84
27-Sep-16,317,31.75,32.07,31.34,31.94,130.29,131.74,129.86,131.32,27.00,27.67,26.94,27.3,246.04,247.02,245.30,245.79,217.27,218.67,216.57,218.05,76.49,77.47,76.15,76.76
26-Sep-16,318,32.08,32.19,31.68,31.81,131.07,131.58,130.43,130.57,26.65,27.30,26.36,27.1,245.71,247.48,245.01,245.53,216.58,217.62,216.03,217.0,73.97,76.37,73.78,76.0
23-Sep-16,319,31.87,32.60,31.64,32.12,131.25,132.29,131.01,131.78,26.83,27.11,26.57,26.7,246.08,246.54,244.64,245.84,215.69,217.49,214.84,217.05,74.18,75.08,74.09,74.44
22-Sep-16,320,31.09,31.95,31.09,31.84,131.45,132.48,131.17,131.87,27.00,27.33,26.79,26.92,244.95,247.03,244.74,246.62,216.94,217.19,215.79,216.49,74.07,75.25,74.07,74.77
21-Sep-16,321,30.65,31.18,30.43,31.1,128.18,130.63,128.18,130.56,27.09,27.20,26.31,26.74,241.14,243.87,240.62,243.82,212.26,216.08,212.18,215.85,73.50,74.49,73.1,74.01
20-Sep-16,322,31.66,31.66,30.37,30.53,127.95,128.50,127.57,127.79,28.31,28.31,26.92,26.96,241.35,242.24,240.48,240.48,212.20,212.77,211.35,212.11,73.47,73.84,72.79,73.26
19-Sep-16,323,29.67,31.40,29.66,31.21,127.50,128.30,127.27,127.48,28.99,29.02,27.86,28.01,239.30,241.89,239.08,240.88,211.25,212.33,210.98,211.16,72.46,73.41,72.29,72.95
16-Sep-16,324,29.24,29.61,29.04,29.53,127.71,127.71,126.34,126.7,29.95,30.34,28.01,28.67,238.42,238.64,237.25,237.45,211.07,211.91,210.6,211.0,73.87,73.87,72.4,72.48
15-Sep-16,325,29.19,29.95,29.09,29.59,127.57,128.46,126.94,127.77,29.86,30.14,29.4,30.01,237.41,239.49,236.70,239.09,208.64,212.19,208.16,211.39,73.13,74.09,73.01,73.93
14-Sep-16,326,29.59,29.73,29.2,29.3,128.91,129.31,127.34,127.67,31.94,32.13,29.53,29.92,237.41,239.01,236.91,237.41,208.23,209.33,208.09,208.81,74.74,75.42,72.88,73.44
13-Sep-16,327,29.92,30.10,29.28,29.43,129.22,130.02,128.26,128.76,32.19,32.60,31.5,32.1,237.67,238.72,237.00,237.41,209.02,210.26,208.09,208.36,75.08,75.61,74.46,74.83
12-Sep-16,328,29.88,30.48,29.59,30.29,126.88,130.68,126.31,130.12,31.04,32.88,30.84,32.72,236.50,239.5,235.28,238.8,208.36,210.91,206.69,210.27,74.70,75.92,74.5,75.75
9-Sep-16,329,30.99,31.01,30.12,30.15,131.94,131.94,128.52,128.53,32.57,32.87,31.44,31.44,240.14,240.64,237.89,237.94,211.18,211.70,209.19,209.24,75.26,75.69,74.8,75.14
8-Sep-16,330,31.03,31.35,30.98,31.27,132.32,132.91,131.51,132.9,33.15,33.23,32.01,33.06,240.49,242.25,240.00,241.63,212.02,213.17,211.58,212.73,75.55,76.47,75.41,75.96
7-Sep-16,331,30.69,31.10,30.58,31.0,132.48,133.08,132.00,132.64,32.81,33.42,32.71,33.25,242.16,243.0,241.15,241.37,214.01,214.03,212.12,212.86,76.76,77.00,75.6,75.84
6-Sep-16,332,30.78,30.78,30.41,30.68,131.63,132.99,131.27,132.99,33.23,33.59,32.39,32.84,244.24,244.49,242.26,243.0,213.34,214.84,212.87,214.76,78.15,78.15,76.53,77.28
2-Sep-16,333,30.29,30.84,30.29,30.61,130.89,131.96,130.58,131.16,32.55,33.75,32.35,33.23,243.75,245.0,242.26,243.32,212.36,213.62,212.06,213.24,77.15,78.02,77.15,77.88
1-Sep-16,334,29.94,30.19,29.63,30.18,130.03,130.03,128.36,129.9,31.87,32.17,31.27,32.17,243.13,243.84,241.90,243.61,212.20,213.03,210.24,211.83,76.10,77.46,76.1,77.27
31-Aug-16,335,30.18,30.18,29.62,30.0,130.83,130.83,129.14,129.45,32.04,32.14,31.34,31.86,239.00,243.62,238.60,242.97,212.43,212.46,210.98,212.07,76.05,76.24,74.9,75.43
30-Aug-16,336,30.12,30.27,30.01,30.07,133.19,133.44,130.68,130.81,32.50,32.58,31.71,32.18,242.65,243.31,238.85,239.45,213.32,213.78,211.9,212.62,75.83,76.46,75.72,75.98
29-Aug-16,337,30.15,30.42,30.12,30.21,132.72,133.58,132.32,132.9,31.98,32.74,31.98,32.56,245.00,246.08,244.04,244.3,211.65,213.69,211.42,213.1,74.61,76.48,74.61,76.04
26-Aug-16,338,29.97,30.32,29.93,30.17,133.50,134.08,131.82,132.23,31.51,32.17,31.25,31.98,249.00,249.8,243.65,244.44,213.74,214.72,211.12,211.93,75.16,76.01,74.16,74.46
25-Aug-16,339,29.75,30.07,29.61,30.01,133.30,133.30,132.42,132.98,31.45,32.55,31.21,31.49,247.61,250.19,246.00,248.53,211.47,214.16,210.62,213.44,75.87,76.44,74.98,75.2
24-Aug-16,340,29.91,30.15,29.73,29.86,134.01,134.65,133.07,133.29,32.06,32.59,31.63,31.66,248.76,249.75,244.80,248.12,213.83,214.59,212.16,214.0,75.97,76.47,74.82,76.05
23-Aug-16,341,30.35,30.48,30.0,30.02,135.32,136.37,133.64,134.14,32.10,32.37,31.98,32.12,255.24,255.24,248.14,249.75,218.84,218.90,214.22,214.5,75.04,76.15,74.75,76.03
22-Aug-16,342,30.12,30.31,29.85,30.25,134.30,135.67,133.84,134.99,31.96,31.98,31.2,31.9,254.37,256.42,253.75,254.2,217.37,218.84,216.77,218.26,72.84,74.56,72.48,74.48
19-Aug-16,343,30.11,30.27,29.89,30.21,134.50,135.00,133.84,134.44,32.14,32.24,31.84,32.05,254.73,255.0,252.70,254.12,217.50,218.49,216.76,217.42,72.00,73.13,71.73,73.09
18-Aug-16,344,29.77,30.35,29.76,30.34,134.72,135.96,134.53,135.0,31.12,32.42,31.01,32.26,255.64,255.99,254.10,255.42,218.50,219.00,217.68,218.14,72.00,72.33,71.85,72.14
17-Aug-16,345,30.00,30.63,29.49,29.9,134.85,134.99,134.11,134.72,31.49,31.50,30.85,31.19,256.70,257.5,251.55,255.64,217.36,218.74,216.6,218.55,71.90,72.63,71.67,72.05
16-Aug-16,346,32.52,32.54,30.98,31.24,134.15,135.21,133.40,135.0,31.86,31.91,30.99,31.54,265.23,266.04,254.44,256.77,218.95,219.46,216.43,217.1,73.08,73.27,71.52,71.67
15-Aug-16,347,31.91,32.51,31.91,32.42,133.70,135.00,133.55,134.66,31.20,32.28,31.03,32.15,264.22,266.93,264.20,266.5,218.12,220.52,217.84,219.81,73.63,74.61,73.25,73.37
12-Aug-16,348,32.13,32.18,31.7,31.98,132.90,133.78,132.63,133.1,30.71,31.02,30.54,31.0,262.49,265.34,261.66,264.15,217.99,218.45,217.0,218.21,73.97,76.25,73.5,73.63
11-Aug-16,349,32.12,32.52,31.91,32.09,132.85,133.56,132.30,133.0,30.15,30.91,29.96,30.83,261.50,264.07,260.15,262.54,217.62,218.33,216.5,217.99,71.65,75.32,71.5,74.15
10-Aug-16,350,31.84,32.04,31.61,31.9,132.10,133.53,131.71,132.28,30.72,30.72,29.9,30.2,259.82,262.1,259.07,261.3,216.91,217.56,216.03,217.18,78.52,79.69,67.04,70.79
9-Aug-16,351,32.07,32.15,31.61,31.94,132.73,132.99,132.23,132.62,30.37,30.71,30.21,30.69,260.43,261.29,259.18,260.66,216.40,216.84,215.92,216.74,87.28,89.43,87.1,88.77
8-Aug-16,352,32.56,32.61,31.76,31.86,132.14,132.95,131.75,132.19,30.64,30.79,30.12,30.29,260.00,261.87,258.79,260.19,218.84,218.84,215.57,216.07,87.38,87.64,86.87,87.3
5-Aug-16,353,32.00,32.76,31.93,32.66,132.21,132.44,131.01,131.73,29.54,30.92,29.37,30.74,259.14,260.29,257.63,260.29,218.64,219.47,218.17,218.95,87.50,87.80,87.24,87.39
4-Aug-16,354,31.69,32.02,31.44,31.66,132.00,132.55,130.96,131.21,30.10,30.27,29.09,29.18,257.65,258.78,256.14,257.75,219.27,219.96,218.03,218.34,86.85,87.49,86.78,87.31
3-Aug-16,355,31.34,32.07,30.85,31.93,131.77,132.45,131.62,131.87,29.60,30.70,29.38,30.08,257.51,257.75,254.75,256.85,218.95,219.53,217.8,218.66,86.03,86.98,85.6,86.67
2-Aug-16,356,31.85,31.85,30.82,31.17,132.95,133.40,131.35,131.6,30.20,30.49,29.14,29.57,254.17,257.46,252.73,257.0,216.69,219.00,215.87,218.68,88.00,88.09,86.2,86.22
1-Aug-16,357,31.10,31.74,30.04,31.14,133.21,134.23,132.70,133.21,30.83,31.18,29.81,30.22,252.63,254.93,252.30,254.84,215.86,217.69,215.77,216.69,87.03,88.17,86.92,88.06
29-Jul-16,358,28.90,29.31,28.79,29.04,133.05,133.80,132.30,133.66,29.60,31.05,28.43,30.83,254.50,254.81,252.70,252.73,217.23,217.95,216.61,216.63,87.34,88.00,86.98,87.12
28-Jul-16,359,29.39,29.62,28.94,28.99,135.40,135.86,132.55,133.01,35.67,36.36,29.1,29.93,254.20,254.89,252.05,254.55,217.78,218.88,215.62,217.23,86.88,87.67,86.47,87.57
27-Jul-16,360,29.69,29.99,29.34,29.41,136.14,139.45,135.71,135.96,39.28,39.92,38.9,39.31,255.47,256.0,253.03,254.16,222.06,222.30,216.2,217.81,87.81,87.99,86.28,86.89
26-Jul-16,361,29.47,29.86,28.97,29.58,132.90,134.97,132.51,134.85,38.35,39.18,38.08,39.11,255.62,256.46,253.83,254.76,219.22,219.87,217.95,218.35,86.67,87.62,86.47,87.52
25-Jul-16,362,26.00,30.08,26.0,28.97,133.18,133.30,132.38,132.94,39.11,39.32,38.4,38.43,256.82,257.28,254.72,255.62,219.44,219.44,217.51,219.13,87.00,87.21,86.63,86.76
22-Jul-16,363,26.42,26.46,25.73,25.87,131.75,133.49,130.57,133.47,38.61,39.45,38.06,39.4,254.60,257.49,253.05,257.31,217.65,219.94,217.0,219.6,86.88,87.46,86.48,87.23
21-Jul-16,364,26.12,26.97,25.78,26.44,134.76,134.98,133.03,133.53,38.63,39.56,38.63,38.94,257.49,257.49,251.60,254.14,222.80,222.82,217.25,218.21,87.87,88.03,86.92,87.07
20-Jul-16,365,25.72,25.91,25.49,25.64,134.55,135.18,134.04,134.72,37.93,38.86,37.42,38.54,259.32,259.82,255.89,256.67,222.25,223.22,221.5,222.55,87.55,88.28,87.39,87.85
19-Jul-16,366,25.70,26.04,25.45,25.62,132.91,135.67,132.83,134.66,37.89,38.30,37.53,37.87,258.54,263.37,252.10,258.96,221.00,224.12,218.13,221.55,85.95,88.50,85.95,87.6
18-Jul-16,367,25.79,26.32,25.63,25.79,132.38,133.89,131.95,133.43,37.70,38.25,37.0,38.17,257.78,258.29,255.30,256.29,222.15,222.16,220.68,220.81,86.39,87.26,86.04,86.15
15-Jul-16,368,26.02,26.04,25.69,25.91,131.80,132.75,131.45,132.39,37.21,38.03,36.81,37.94,257.11,257.62,256.10,256.98,222.00,222.00,220.76,221.46,85.75,86.78,85.56,86.29
14-Jul-16,369,26.30,26.42,25.44,25.99,131.63,131.92,130.20,131.55,37.09,37.25,36.46,36.91,257.19,257.94,254.70,256.0,223.11,223.20,220.82,221.13,85.93,86.10,85.32,85.35
13-Jul-16,370,25.64,26.06,25.58,26.04,131.28,131.39,129.37,130.11,36.81,37.00,36.31,36.49,255.10,256.44,254.92,255.9,221.13,221.99,220.49,221.78,86.39,86.44,85.33,85.33
12-Jul-16,371,24.99,25.70,24.88,25.55,132.80,133.00,130.33,130.81,36.32,37.17,36.0,36.77,255.64,256.38,254.03,254.7,222.41,222.66,220.25,220.47,85.49,86.20,85.16,85.98
11-Jul-16,372,24.36,24.93,24.36,24.78,130.84,133.25,130.80,132.04,35.56,36.28,35.4,35.95,252.38,256.34,251.92,254.39,222.30,223.80,221.62,221.96,84.43,85.47,84.33,84.75
8-Jul-16,373,23.34,24.60,23.21,24.51,128.60,130.46,127.66,130.09,33.92,35.96,33.77,35.75,250.78,252.3,248.50,251.9,221.50,222.19,220.3,221.97,84.60,84.89,84.19,84.43
7-Jul-16,374,22.70,23.05,22.62,23.01,126.92,128.17,126.26,127.17,33.56,34.56,32.85,33.28,250.23,251.22,248.61,249.77,221.40,222.03,219.81,220.5,83.42,84.01,83.24,83.86
6-Jul-16,375,22.05,22.79,22.05,22.69,127.25,127.31,123.96,126.96,33.55,33.76,32.16,33.38,250.95,251.32,247.88,250.08,221.65,222.07,220.27,221.73,83.96,84.12,83.14,83.32
5-Jul-16,376,22.00,22.25,21.79,22.1,128.43,129.00,126.63,126.97,35.30,35.50,33.33,33.65,248.80,250.38,248.42,249.51,221.56,222.25,220.61,221.55,85.05,85.08,84.0,84.36
1-Jul-16,377,21.16,22.15,21.16,22.09,129.54,130.34,129.16,129.69,35.43,36.50,35.14,35.67,248.24,249.92,248.24,249.35,222.50,223.42,221.07,221.8,85.08,86.23,84.92,85.09
30-Jun-16,378,20.86,21.40,20.6,21.12,127.08,129.87,127.08,129.87,33.87,35.52,33.51,35.5,244.78,248.72,244.67,248.17,217.92,223.11,217.33,222.28,84.20,85.72,83.81,85.14
29-Jun-16,379,20.08,20.92,19.76,20.84,125.49,127.32,124.16,126.99,33.57,34.20,33.11,33.87,242.00,244.69,241.66,244.08,217.20,217.62,216.0,217.24,83.20,84.45,82.74,84.31
28-Jun-16,380,19.96,20.09,19.46,19.77,124.50,124.76,122.70,123.89,33.34,33.90,32.35,33.01,240.11,240.96,237.65,240.91,215.14,216.18,212.88,216.13,83.66,83.99,82.11,82.65
27-Jun-16,381,21.38,22.13,19.61,19.69,125.68,125.75,122.35,122.7,35.67,35.90,32.61,32.84,238.78,239.97,236.07,239.29,211.89,214.39,210.08,214.15,83.68,83.78,82.59,83.16
24-Jun-16,382,21.68,22.05,21.56,21.78,128.14,129.39,126.21,126.52,37.75,37.80,36.04,36.11,234.85,242.87,234.75,239.7,209.00,214.99,208.29,212.71,85.46,86.42,84.22,84.39
23-Jun-16,383,22.93,23.14,22.57,22.82,133.91,134.55,132.73,133.55,39.56,40.09,39.04,39.5,239.79,240.0,238.18,240.0,216.63,216.63,213.85,214.7,88.19,88.19,87.13,87.43
22-Jun-16,384,22.88,22.90,22.34,22.56,132.10,133.16,131.58,131.77,39.05,39.37,38.74,38.94,238.95,239.27,238.04,238.17,215.59,216.01,214.78,214.89,88.53,88.72,87.34,87.48
21-Jun-16,385,22.35,22.35,22.03,22.22,133.19,133.28,131.48,131.52,38.88,39.35,38.65,39.1,239.49,239.85,238.31,238.55,216.17,216.36,214.77,214.85,88.45,88.84,88.0,88.6
20-Jun-16,386,22.35,22.61,22.12,22.35,131.36,133.90,131.21,132.75,38.96,40.00,38.72,38.95,239.20,239.8,237.86,238.64,216.10,216.79,214.96,215.16,88.79,89.48,88.15,88.58
17-Jun-16,387,21.82,22.19,21.61,22.03,129.83,129.99,128.81,129.82,37.44,38.81,37.09,38.27,240.22,240.22,236.66,237.56,217.00,217.00,212.23,214.32,88.37,88.73,86.72,87.94
16-Jun-16,388,21.80,21.92,21.54,21.76,129.32,129.89,126.90,129.37,37.36,37.69,36.71,37.44,239.05,240.45,238.09,239.87,216.64,217.12,214.32,216.74,88.20,88.45,87.43,88.37
15-Jun-16,389,21.98,22.37,21.81,22.03,130.88,131.76,129.97,130.16,37.53,38.87,37.32,37.82,240.11,240.59,239.23,239.45,217.69,218.00,216.62,217.19,88.66,89.38,88.36,88.59
14-Jun-16,390,21.83,22.26,21.18,22.1,129.63,130.60,128.50,130.5,37.98,38.51,36.99,37.42,237.78,240.12,237.25,239.7,213.64,217.09,213.64,216.91,88.26,89.65,87.77,88.61
13-Jun-16,391,22.33,22.63,21.83,21.93,130.79,131.51,129.88,129.92,39.09,39.74,38.04,38.24,240.01,240.7,237.91,237.95,216.67,217.50,214.86,215.05,88.80,89.11,87.98,88.19
10-Jun-16,392,22.70,23.20,22.12,22.42,131.76,132.12,130.37,131.14,39.32,39.36,38.49,38.94,240.01,241.7,239.74,240.58,217.54,218.51,216.86,217.36,89.76,89.99,88.96,89.36
9-Jun-16,393,23.23,23.29,22.84,22.98,132.10,133.82,131.92,133.1,39.64,39.84,39.42,39.7,240.05,240.87,240.00,240.67,217.17,218.73,216.69,218.58,89.61,90.98,89.61,90.63
8-Jun-16,394,23.63,23.76,23.28,23.41,132.52,133.53,132.04,133.0,39.67,40.00,39.15,39.77,239.26,240.75,239.23,240.38,215.70,217.97,215.22,217.66,90.02,90.29,89.4,89.69
7-Jun-16,395,23.66,23.80,23.34,23.6,132.41,133.39,131.82,131.93,39.19,40.00,38.91,39.51,240.20,241.36,239.41,239.5,215.52,216.69,215.52,215.69,89.44,90.51,89.0,90.03
6-Jun-16,396,23.08,23.76,22.96,23.75,127.60,132.08,127.45,131.9,38.33,39.62,38.33,39.25,238.52,240.37,238.52,239.4,215.23,216.19,214.82,215.44,88.97,90.01,88.65,89.61
3-Jun-16,397,23.50,23.60,22.95,23.07,126.42,127.58,125.95,127.38,38.31,38.43,37.24,38.28,237.58,239.64,236.23,238.92,213.01,215.94,211.36,215.18,89.81,90.08,88.89,89.3
2-Jun-16,398,23.43,23.73,23.26,23.47,126.65,127.03,125.32,126.85,37.34,38.41,37.34,38.37,238.13,238.24,236.79,237.83,213.39,213.84,212.04,213.38,88.43,90.50,88.0,89.77
1-Jun-16,399,23.47,23.70,23.27,23.52,126.00,126.50,124.78,126.41,37.41,37.59,36.05,37.39,235.92,238.58,235.36,238.08,211.57,214.41,211.28,214.17,87.30,88.80,87.0,88.56
31-May-16,400,23.73,23.80,23.39,23.53,129.88,129.98,126.04,126.15,37.86,38.43,37.41,37.73,239.74,240.6,236.15,236.23,214.42,215.50,211.21,212.67,88.25,88.68,86.91,87.03
27-May-16,401,23.31,23.84,23.26,23.61,128.96,129.70,128.83,129.22,37.67,38.20,37.34,37.58,240.00,240.82,239.21,240.09,213.77,214.65,213.36,214.42,88.08,88.60,87.77,88.44
26-May-16,402,23.38,23.66,23.32,23.34,128.48,129.90,128.32,129.31,37.80,38.23,37.46,37.81,240.59,242.0,240.11,241.54,213.95,214.80,213.33,213.95,88.35,88.89,87.96,88.29
25-May-16,403,23.17,23.44,23.07,23.38,128.00,129.78,127.37,128.86,36.51,37.84,36.51,37.78,241.30,241.56,240.50,240.84,215.75,216.09,214.28,214.33,88.39,88.96,87.89,88.3
24-May-16,404,22.99,23.32,22.87,23.01,127.76,128.81,126.32,127.5,35.62,36.54,35.56,36.3,240.40,241.75,240.30,240.97,212.66,215.60,212.66,214.68,86.91,88.72,86.04,88.35
23-May-16,405,23.09,23.12,22.62,22.77,127.40,128.41,125.88,127.58,36.42,36.82,35.71,35.75,240.43,240.52,239.04,239.52,212.75,213.05,211.79,212.16,87.08,87.34,86.52,86.9
20-May-16,406,22.97,23.57,22.86,23.01,129.13,129.25,127.21,127.39,35.60,36.79,35.6,36.41,239.49,240.3,238.39,240.07,212.29,213.02,211.13,212.72,86.28,87.18,85.44,87.05
19-May-16,407,23.00,23.53,22.56,22.77,130.24,130.43,127.08,128.08,36.34,36.94,35.22,35.57,239.68,241.07,237.79,238.89,212.50,213.01,209.68,211.07,85.50,86.28,85.1,85.8
18-May-16,408,22.94,24.05,22.9,23.25,132.45,133.18,130.34,130.99,37.04,38.00,36.47,36.75,240.89,243.18,240.13,241.58,213.24,215.56,212.71,214.14,86.53,87.21,85.62,85.88
17-May-16,409,23.66,24.02,22.92,23.02,133.62,134.49,131.96,132.56,37.18,38.28,36.86,37.23,243.00,243.53,240.27,241.53,215.96,216.67,212.21,213.6,87.78,88.07,86.29,86.88
16-May-16,410,23.47,23.99,23.36,23.74,131.63,134.41,131.55,134.14,36.43,37.46,36.43,37.32,241.21,243.99,240.91,242.97,213.98,216.33,213.0,215.73,87.18,88.75,87.18,88.05
13-May-16,411,23.92,24.20,23.25,23.33,133.74,134.94,131.91,132.12,36.15,36.83,35.65,36.01,242.38,244.5,241.70,242.12,217.00,217.50,213.48,213.98,88.25,88.48,86.87,87.22
12-May-16,412,23.15,23.88,23.14,23.8,133.49,135.04,133.49,134.42,37.23,37.53,35.69,36.18,242.03,245.37,241.50,244.94,214.55,218.84,214.55,217.98,87.69,89.00,87.33,88.71
11-May-16,413,23.96,23.96,22.85,23.2,133.81,134.99,132.94,133.0,37.67,38.12,36.78,37.03,243.97,244.49,241.62,241.83,217.45,218.40,214.14,214.32,87.87,88.50,87.07,87.56
10-May-16,414,23.12,24.31,23.01,23.98,133.18,135.24,132.79,134.72,35.76,37.81,35.7,37.7,241.31,244.55,241.29,244.36,215.08,217.64,214.72,217.43,87.31,88.14,87.06,87.99
9-May-16,415,21.78,23.21,21.23,22.95,132.80,133.81,131.82,132.1,35.58,36.05,35.2,35.66,240.26,242.0,239.52,240.32,214.30,215.60,212.97,214.63,85.43,87.86,85.0,87.17
6-May-16,416,20.50,21.78,19.17,21.65,132.11,133.63,131.76,133.26,35.25,36.12,35.03,35.44,238.00,240.5,237.79,240.26,211.73,214.17,211.61,214.1,85.81,85.81,84.37,85.36
5-May-16,417,20.17,20.25,19.15,19.21,131.73,132.64,131.12,132.08,37.12,37.39,35.21,35.85,236.10,238.16,235.44,238.14,210.67,212.01,210.43,211.93,85.00,86.89,83.03,86.0
4-May-16,418,20.13,20.64,19.87,20.17,131.59,132.31,130.53,130.89,33.69,38.74,32.47,37.11,233.85,236.34,233.09,236.01,208.60,210.74,208.08,210.55,87.00,87.78,86.36,87.13
3-May-16,419,20.14,20.36,19.81,20.24,132.70,133.31,131.46,132.49,35.13,35.33,34.31,34.55,232.34,234.83,231.36,234.7,207.44,209.79,206.75,209.6,86.90,88.22,85.81,87.48
2-May-16,420,19.77,20.27,19.64,20.24,134.38,135.00,133.23,134.01,36.15,36.38,34.83,35.72,232.74,233.8,232.43,233.24,206.87,208.63,205.83,208.31,86.99,87.68,84.88,87.11
29-Apr-16,421,19.90,20.16,19.42,19.67,134.42,135.23,132.81,134.8,37.58,37.80,36.03,36.18,232.10,232.96,230.82,232.38,205.52,206.37,204.52,206.26,87.00,87.70,86.46,87.0
28-Apr-16,422,20.52,20.93,19.92,19.97,136.29,137.72,134.50,134.8,36.68,38.00,36.38,37.61,232.20,234.48,231.90,232.72,206.50,207.68,205.02,205.61,87.76,89.05,87.26,87.5
27-Apr-16,423,20.21,20.70,20.05,20.6,133.20,137.89,131.94,137.08,36.51,37.09,36.3,36.9,230.09,234.59,229.96,233.65,207.00,208.99,200.55,207.0,86.99,88.07,86.37,87.91
26-Apr-16,424,19.35,20.13,19.35,20.08,131.25,133.27,131.06,133.24,35.37,36.34,34.88,36.32,227.85,232.22,227.85,232.16,200.88,203.99,200.88,203.57,85.00,86.99,84.73,86.96
25-Apr-16,425,19.45,19.72,19.07,19.23,130.45,131.00,129.31,130.75,36.40,36.66,35.05,35.25,226.04,226.99,225.34,226.3,200.25,200.93,199.52,200.73,85.84,85.84,84.5,84.72
22-Apr-16,426,18.98,19.61,18.96,19.58,131.09,131.83,130.50,131.05,35.95,36.81,35.95,36.62,226.60,227.86,225.60,226.83,200.23,201.64,199.26,200.75,84.75,86.75,84.58,85.9
21-Apr-16,427,18.57,19.12,18.3,18.91,130.98,132.64,130.30,130.74,36.04,36.42,35.74,35.79,226.31,227.31,225.65,226.07,200.98,201.65,199.86,200.0,85.35,85.97,84.41,84.73
20-Apr-16,428,18.55,18.68,18.29,18.39,128.55,131.36,128.49,130.57,35.88,36.35,35.66,35.87,227.00,228.12,226.06,226.58,202.07,202.70,201.45,201.58,86.50,86.79,85.43,85.47
19-Apr-16,429,18.64,18.83,18.42,18.58,132.57,133.85,132.21,132.68,36.19,36.34,35.59,35.8,227.16,227.89,226.29,226.51,203.00,203.41,201.45,201.59,87.04,87.32,86.02,86.56
18-Apr-16,430,18.45,18.76,18.28,18.59,130.64,132.25,130.32,131.97,35.50,36.27,35.06,35.82,225.65,227.63,225.30,227.14,202.00,202.88,201.33,202.79,86.90,87.44,86.0,86.87
15-Apr-16,431,18.46,18.68,18.21,18.57,130.95,131.60,130.68,131.13,35.10,35.95,35.03,35.73,225.87,225.92,224.62,225.81,199.64,201.92,198.75,201.88,87.09,87.41,86.35,87.2
14-Apr-16,432,18.49,18.71,18.33,18.53,131.50,131.95,130.53,130.85,34.59,35.52,34.44,35.25,226.79,226.79,225.19,225.44,201.42,201.82,199.88,200.13,87.36,87.73,86.79,86.86
13-Apr-16,433,18.47,18.62,18.29,18.44,130.49,131.50,129.81,131.14,33.10,34.44,33.03,34.26,227.00,227.16,224.93,226.38,200.68,201.30,199.02,201.13,87.04,87.40,86.59,87.34
12-Apr-16,434,17.82,18.63,17.82,18.32,127.62,130.38,126.68,129.47,32.36,33.26,32.3,32.88,224.75,226.87,224.18,225.98,200.05,201.03,199.5,200.2,86.39,86.84,85.34,86.5
11-Apr-16,435,17.82,17.99,17.6,17.81,128.25,129.90,127.68,127.91,32.06,32.52,31.63,31.98,226.05,226.71,224.11,224.65,200.66,201.72,199.49,199.51,87.48,88.09,86.37,86.41
8-Apr-16,436,18.05,18.21,17.47,17.75,128.04,130.02,127.61,127.88,31.86,32.99,31.74,32.06,227.59,228.0,225.80,226.3,201.63,202.00,200.09,200.57,87.23,87.77,86.56,86.91
7-Apr-16,437,18.20,18.58,17.79,17.86,127.00,128.94,126.56,127.0,31.57,32.00,31.3,31.38,226.00,227.41,225.64,226.48,201.52,202.00,199.66,200.55,86.69,87.10,86.03,86.81
6-Apr-16,438,18.11,18.46,17.69,18.36,127.16,128.04,125.75,127.93,30.98,31.65,30.61,31.61,225.31,226.85,225.31,226.63,201.84,202.50,200.76,202.1,86.01,86.99,85.76,86.77
5-Apr-16,439,17.41,18.43,17.31,18.04,126.15,128.59,125.58,127.03,30.25,31.40,29.97,30.86,224.03,227.03,222.82,225.62,200.75,203.88,200.75,202.27,86.15,86.98,85.6,86.15
4-Apr-16,440,18.38,18.57,17.52,17.56,126.54,127.97,125.88,126.34,30.69,31.63,30.39,30.44,223.22,224.9,223.08,224.13,200.81,202.05,200.05,201.18,86.90,87.66,86.05,86.58
1-Apr-16,441,18.53,18.59,17.93,18.38,126.23,127.09,125.11,126.96,31.07,31.07,30.35,30.86,219.96,223.47,219.17,223.11,196.59,200.78,195.66,200.31,86.38,87.78,85.96,86.89
31-Mar-16,442,18.28,19.03,18.15,18.76,128.09,128.38,125.25,126.94,31.73,31.93,31.15,31.48,222.65,223.33,221.09,221.5,199.00,199.50,197.31,197.9,87.75,88.13,86.84,86.94
30-Mar-16,443,18.45,18.89,18.16,18.35,131.48,132.73,128.02,128.58,31.51,32.11,30.97,31.77,222.00,223.86,221.79,222.96,197.23,198.88,197.1,198.73,86.75,88.03,86.39,87.77
29-Mar-16,444,17.30,18.34,17.01,18.33,129.83,130.93,128.18,130.88,30.05,31.28,29.34,31.22,219.00,220.92,218.43,220.76,194.25,196.75,194.25,196.68,84.97,86.26,84.59,86.21
28-Mar-16,445,17.71,17.83,17.18,17.34,132.53,132.62,130.55,131.29,32.18,32.20,30.02,30.34,218.81,219.55,218.34,219.06,194.21,195.44,194.21,194.88,84.42,85.63,83.85,85.21
24-Mar-16,446,17.46,17.81,17.18,17.69,131.61,132.23,130.03,132.12,31.65,32.09,30.81,32.02,221.05,221.5,217.14,218.0,193.67,194.68,193.25,194.2,83.00,84.11,82.72,84.05
23-Mar-16,447,17.41,17.63,17.01,17.53,134.99,135.00,132.74,132.86,32.95,33.01,32.0,32.01,220.89,222.54,220.62,221.26,193.96,195.64,193.87,194.96,81.79,83.22,81.78,82.77
22-Mar-16,448,17.93,17.96,17.34,17.42,135.14,136.10,134.78,135.12,32.92,33.45,32.37,33.04,221.05,222.73,220.50,220.73,194.16,195.17,193.58,194.34,81.90,82.70,81.68,82.12
21-Mar-16,449,18.41,18.58,17.94,17.97,133.46,136.78,133.39,135.86,32.80,33.83,32.8,33.25,220.41,223.19,220.41,221.26,193.35,195.47,193.21,194.18,81.61,83.29,81.59,82.26
18-Mar-16,450,17.99,18.54,17.7,18.53,131.24,134.68,131.01,133.96,31.61,33.65,31.61,33.11,220.00,221.09,218.37,220.91,191.68,194.42,191.04,193.99,79.48,82.59,79.02,81.98
17-Mar-16,451,17.01,17.90,16.8,17.87,128.07,131.60,127.42,130.7,29.88,32.08,29.49,31.81,218.28,219.94,217.42,219.25,191.60,192.28,190.16,190.91,79.04,79.86,79.01,79.43
16-Mar-16,452,16.68,17.16,16.56,17.12,126.24,128.13,125.75,127.57,29.32,29.95,29.02,29.8,217.14,218.94,216.29,218.19,190.54,192.43,190.0,191.57,78.19,79.34,77.87,79.07
15-Mar-16,453,16.91,17.00,16.45,16.72,125.55,126.37,124.21,126.36,30.20,30.26,29.02,29.34,215.34,217.32,214.81,217.05,188.04,191.95,187.52,191.67,77.82,79.01,77.35,78.23
14-Mar-16,454,16.51,17.35,16.45,17.11,123.93,127.00,123.86,126.34,29.97,30.67,29.73,30.48,215.62,217.51,215.62,216.6,189.17,190.15,187.7,188.57,76.87,78.62,76.52,78.26
11-Mar-16,455,16.43,16.82,16.24,16.56,124.13,125.50,123.86,124.63,29.97,30.44,29.93,30.28,218.00,218.89,215.96,217.05,188.90,191.25,188.16,189.89,77.41,78.51,76.96,77.33
10-Mar-16,456,16.33,16.35,15.61,16.24,123.14,123.82,121.43,122.94,30.23,30.58,28.33,29.7,216.94,218.52,215.67,216.56,187.09,189.00,186.41,186.75,79.37,79.50,76.3,77.24
9-Mar-16,457,16.57,16.74,16.18,16.23,122.38,123.26,122.03,122.86,30.00,30.50,29.59,30.21,216.75,217.92,215.74,216.41,188.26,188.34,186.49,186.74,80.99,80.99,78.89,79.16
8-Mar-16,458,17.33,17.34,16.49,16.49,121.98,122.97,121.31,122.35,31.60,31.60,29.15,29.82,213.95,216.21,210.90,215.34,185.43,187.67,185.08,186.86,79.60,80.89,79.38,80.55
7-Mar-16,459,17.68,17.92,17.14,17.38,120.80,123.32,120.57,122.9,31.28,31.91,31.28,31.76,217.50,218.38,215.30,215.84,190.09,191.16,186.35,186.68,81.67,82.92,79.84,79.95
4-Mar-16,460,16.48,18.32,16.48,17.24,120.17,122.23,119.85,121.07,31.87,33.09,31.46,31.66,217.91,219.08,217.56,218.72,191.62,192.44,190.05,191.07,80.77,82.74,80.07,82.08
3-Mar-16,461,16.80,17.81,15.38,15.93,118.84,119.73,118.25,119.61,30.98,31.81,30.98,31.77,216.48,218.62,215.54,218.52,192.83,193.53,189.32,192.12,81.25,82.49,79.41,80.75
2-Mar-16,462,15.28,16.07,14.8,16.02,119.63,120.75,118.50,119.65,30.12,31.20,29.78,31.16,218.09,218.86,215.78,217.2,193.66,194.70,191.83,193.32,78.11,81.80,78.05,81.69
1-Mar-16,463,14.59,15.46,14.36,15.38,119.01,120.99,118.25,119.96,30.72,30.74,29.4,30.29,216.59,218.35,214.88,218.13,193.34,194.68,192.43,193.88,83.50,83.98,74.31,77.91
29-Feb-16,464,14.43,14.75,14.32,14.51,118.12,119.46,117.50,118.18,30.22,30.82,30.22,30.46,216.67,218.1,215.73,215.79,191.99,194.80,191.34,192.22,87.27,88.03,83.34,83.76
26-Feb-16,465,14.03,14.59,14.02,14.44,117.75,119.45,117.50,118.16,29.69,30.58,29.49,30.19,219.22,219.75,217.11,217.24,193.00,193.68,191.94,192.22,86.50,87.58,86.2,87.25
25-Feb-16,466,13.38,14.07,13.24,14.03,116.35,117.60,115.78,116.82,29.27,29.85,28.75,29.61,217.00,220.14,216.38,220.03,190.05,192.96,189.42,192.93,85.82,86.58,85.53,86.31
24-Feb-16,467,13.50,13.78,13.1,13.3,115.37,115.96,112.51,115.59,29.83,29.83,28.08,29.27,213.58,216.99,213.50,216.63,190.76,190.92,188.06,190.02,83.98,85.95,83.5,85.56
23-Feb-16,468,13.70,13.99,13.23,13.64,116.97,118.50,115.93,116.9,29.90,30.93,29.43,30.17,214.83,215.74,213.87,215.15,192.03,193.32,190.75,191.31,84.14,85.09,83.33,84.57
22-Feb-16,469,13.46,13.98,13.46,13.76,116.55,118.97,116.03,117.39,28.56,30.00,28.52,29.84,214.78,216.78,214.48,215.01,190.78,193.40,190.66,192.27,83.61,85.02,83.61,84.47
19-Feb-16,470,12.88,13.54,12.65,13.41,117.31,117.33,114.42,115.16,27.49,28.34,27.13,27.39,214.51,214.74,212.70,213.62,192.16,192.64,190.06,190.68,82.93,83.50,81.97,83.02
18-Feb-16,471,12.80,13.03,12.59,12.94,116.91,118.23,116.68,117.57,27.34,28.31,27.12,27.87,212.25,215.5,212.00,214.2,190.70,193.75,190.01,192.68,84.15,84.21,82.76,83.16
17-Feb-16,472,12.42,13.39,12.04,12.75,114.03,116.83,113.99,116.34,25.85,27.64,25.73,27.38,210.00,212.97,209.10,212.74,185.61,191.13,184.45,190.06,83.35,84.56,83.0,84.17
16-Feb-16,473,11.93,12.34,11.67,12.28,109.73,112.76,109.00,112.6,23.87,25.67,23.52,25.49,207.52,209.49,206.85,209.0,182.40,185.89,180.15,184.22,84.91,85.35,81.2,82.87
12-Feb-16,474,11.65,11.85,11.55,11.79,105.12,109.84,105.00,108.63,23.74,24.35,23.37,23.58,208.31,209.92,205.55,206.08,184.56,185.57,180.46,181.25,84.86,84.86,82.69,83.83
11-Feb-16,475,12.10,12.16,11.46,11.6,113.18,113.40,102.10,108.44,24.72,24.94,22.94,23.71,211.67,212.75,203.65,207.18,185.12,186.57,180.1,183.91,82.41,84.26,81.1,83.52
10-Feb-16,476,12.31,12.96,11.97,12.34,118.16,119.46,116.27,116.36,25.30,25.88,24.84,25.32,216.01,217.44,213.62,213.95,187.74,189.52,187.22,188.33,84.64,85.48,83.61,84.57
9-Feb-16,477,12.20,12.59,12.0,12.21,117.98,119.98,117.42,118.88,25.27,25.86,24.82,25.09,213.12,217.33,212.24,215.98,184.17,188.39,184.01,187.32,84.09,85.50,83.08,84.26
8-Feb-16,478,12.64,12.75,11.9,12.39,120.67,121.33,117.25,119.47,26.73,26.74,25.1,25.63,209.33,215.15,209.30,214.53,184.74,187.93,184.0,185.62,86.00,86.20,83.53,84.75
5-Feb-16,479,13.01,13.05,12.38,12.64,123.63,124.17,121.03,122.56,27.06,27.67,26.37,26.9,210.34,212.57,209.57,211.94,186.72,188.59,185.34,186.49,89.00,89.44,84.42,85.16
4-Feb-16,480,12.95,13.73,12.58,13.07,121.12,124.91,121.12,123.61,25.88,28.01,25.72,26.96,212.50,213.38,209.28,210.21,188.80,189.90,185.31,186.35,88.55,90.95,88.1,89.12
3-Feb-16,481,12.65,12.84,12.03,12.78,118.80,122.13,117.15,121.87,23.84,25.86,23.0,25.79,212.00,213.64,210.31,212.92,188.61,190.05,187.0,189.77,87.32,89.35,86.11,88.98
2-Feb-16,482,13.22,13.41,12.31,12.45,119.69,120.28,117.37,117.52,25.05,25.16,23.44,23.53,209.50,210.98,207.64,210.45,186.93,189.18,186.45,187.44,88.88,89.15,86.11,86.65
1-Feb-16,483,13.37,13.73,13.22,13.46,119.64,122.29,118.65,121.56,25.03,25.74,24.5,25.19,209.26,211.34,208.86,209.8,186.38,189.75,184.62,188.64,90.14,90.14,89.03,89.55
29-Jan-16,484,13.47,13.80,13.24,13.51,118.14,120.18,118.02,120.13,26.76,26.76,24.31,25.5,207.83,211.05,206.12,211.0,181.43,185.34,180.03,185.06,86.97,90.25,86.85,90.23
28-Jan-16,485,13.68,13.70,13.17,13.2,117.10,118.03,115.06,118.01,29.47,30.58,26.57,26.82,208.49,209.43,206.17,206.66,176.40,181.19,175.0,180.15,86.32,87.41,85.47,86.8
27-Jan-16,486,13.69,14.06,13.34,13.56,119.90,120.11,115.02,116.58,30.75,30.96,29.3,30.37,209.89,211.64,207.00,207.86,181.43,182.49,177.83,178.19,87.07,87.49,84.51,85.9
26-Jan-16,487,13.20,13.82,13.03,13.72,124.98,128.15,124.50,128.01,30.83,31.33,30.45,31.0,201.43,211.22,200.47,209.93,181.47,182.74,178.87,182.5,88.95,90.16,88.58,89.37
25-Jan-16,488,14.12,14.50,12.89,13.23,124.60,125.24,123.40,124.01,31.55,32.00,30.55,30.66,211.84,212.75,210.00,211.01,184.09,184.60,181.62,181.83,86.93,89.29,86.76,89.12
22-Jan-16,489,15.16,15.48,14.03,14.2,124.42,125.68,123.32,124.61,32.37,32.82,31.03,31.84,213.71,213.71,211.01,212.04,183.23,184.45,182.01,184.11,84.90,87.27,84.67,87.24
21-Jan-16,490,24.99,24.99,15.01,15.1,122.77,125.98,121.54,123.4,31.32,33.10,31.18,31.99,211.20,212.0,208.75,210.79,183.47,184.13,180.96,181.22,86.99,87.20,83.85,84.15
20-Jan-16,491,28.14,29.82,27.96,28.95,124.00,124.94,119.82,122.14,31.54,31.90,30.13,31.47,213.05,216.2,207.62,210.4,183.84,185.17,178.98,182.56,85.08,87.80,84.12,86.87
19-Jan-16,492,29.74,29.74,27.9,28.11,127.06,127.22,125.11,126.06,32.85,32.86,31.41,32.04,216.69,220.78,213.17,215.29,186.37,187.28,183.56,186.75,85.91,87.40,84.65,86.68
15-Jan-16,493,28.96,29.52,28.3,29.46,125.80,127.14,124.51,125.63,31.83,33.04,31.2,32.56,211.99,217.01,211.99,215.99,181.00,185.10,180.32,184.21,85.99,87.51,83.8,85.66
14-Jan-16,494,29.68,30.30,28.87,29.91,129.59,130.07,125.81,129.2,33.39,33.39,31.77,32.76,214.42,217.13,212.27,216.42,184.86,186.51,182.87,185.55,88.68,89.39,86.72,87.49
13-Jan-16,495,31.27,31.78,29.22,29.41,132.70,132.88,127.75,128.12,34.90,35.48,32.93,33.33,219.26,219.62,214.06,214.4,189.00,189.44,184.57,184.86,90.84,91.34,87.72,88.2
12-Jan-16,496,31.27,31.41,30.74,31.21,131.58,132.17,129.64,131.92,35.82,35.99,33.94,34.64,216.03,218.1,214.51,217.96,189.06,189.47,187.53,188.92,89.12,91.07,87.78,90.99
11-Jan-16,497,30.74,31.42,30.45,30.86,130.85,131.00,128.92,130.21,36.00,36.29,35.22,35.52,215.07,216.47,213.23,215.35,187.48,188.71,185.51,188.11,89.22,89.60,87.06,88.36
8-Jan-16,498,29.94,31.43,29.57,30.67,133.70,135.10,129.80,129.99,36.13,36.56,35.71,35.85,215.01,216.35,212.37,212.91,188.79,189.74,185.9,186.07,91.03,91.79,88.79,89.04
7-Jan-16,499,30.23,31.13,29.19,29.98,136.38,136.67,132.51,133.01,35.32,36.10,34.76,35.76,213.81,216.19,212.14,213.29,187.90,189.68,186.01,188.11,93.60,93.99,90.76,90.96
6-Jan-16,500,31.20,31.51,29.81,30.67,138.83,139.35,137.26,138.83,38.07,38.31,35.72,36.07,217.83,221.0,216.26,217.63,190.16,193.20,190.0,190.47,91.95,94.92,91.04,94.55
5-Jan-16,501,31.49,32.08,31.19,31.61,140.99,141.70,139.77,141.07,40.22,40.36,38.57,38.6,214.59,218.94,214.02,218.26,187.85,192.86,187.85,192.39,89.21,92.60,89.18,91.99
4-Jan-16,502,32.15,32.26,31.39,31.52,141.38,141.70,139.43,140.5,39.34,40.33,39.11,40.03,214.00,215.77,211.39,213.21,185.98,187.60,185.31,187.51,89.46,89.95,88.17,89.29
